Using pre-set license
Built from '6000.0/release' branch; Version is '6000.0.35f1 (9a3bc604008a) revision 10107846'; Using compiler version '193933523'; Build Type 'Release'
OS: 'Windows 11  (10.0.22631) 64bit Professional' Language: 'en' Physical Memory: 16112 MB
BatchMode: 1, IsHumanControllingUs: 0, StartBugReporterOnCrash: 0, Is64bit: 1, IsPro: 1

COMMAND LINE ARGUMENTS:
C:\Program Files\Unity\Hub\Editor\6000.0.35f1\Editor\Unity.exe
-adb2
-batchMode
-noUpm
-name
AssetImportWorker1
-projectPath
C:/Users/Francis/Dragons
-logFile
Logs/AssetImportWorker1.log
-srvPort
51308
-job-worker-count
3
-background-job-worker-count
8
-gc-helper-count
1
Successfully changed project path to: C:/Users/Francis/Dragons
C:/Users/Francis/Dragons
[UnityMemory] Configuration Parameters - Can be set up in boot.config
    "memorysetup-bucket-allocator-granularity=16"
    "memorysetup-bucket-allocator-bucket-count=8"
    "memorysetup-bucket-allocator-block-size=33554432"
    "memorysetup-bucket-allocator-block-count=8"
    "memorysetup-main-allocator-block-size=16777216"
    "memorysetup-thread-allocator-block-size=16777216"
    "memorysetup-gfx-main-allocator-block-size=16777216"
    "memorysetup-gfx-thread-allocator-block-size=16777216"
    "memorysetup-cache-allocator-block-size=4194304"
    "memorysetup-typetree-allocator-block-size=2097152"
    "memorysetup-profiler-bucket-allocator-granularity=16"
    "memorysetup-profiler-bucket-allocator-bucket-count=8"
    "memorysetup-profiler-bucket-allocator-block-size=33554432"
    "memorysetup-profiler-bucket-allocator-block-count=8"
    "memorysetup-profiler-allocator-block-size=16777216"
    "memorysetup-profiler-editor-allocator-block-size=1048576"
    "memorysetup-temp-allocator-size-main=16777216"
    "memorysetup-job-temp-allocator-block-size=2097152"
    "memorysetup-job-temp-allocator-block-size-background=1048576"
    "memorysetup-job-temp-allocator-reduction-small-platforms=262144"
    "memorysetup-allocator-temp-initial-block-size-main=262144"
    "memorysetup-allocator-temp-initial-block-size-worker=262144"
    "memorysetup-temp-allocator-size-background-worker=32768"
    "memorysetup-temp-allocator-size-job-worker=262144"
    "memorysetup-temp-allocator-size-preload-manager=33554432"
    "memorysetup-temp-allocator-size-nav-mesh-worker=65536"
    "memorysetup-temp-allocator-size-audio-worker=65536"
    "memorysetup-temp-allocator-size-cloud-worker=32768"
    "memorysetup-temp-allocator-size-gi-baking-worker=262144"
    "memorysetup-temp-allocator-size-gi-baking-worker=262144"
    "memorysetup-temp-allocator-size-gi-baking-worker=262144"
    "memorysetup-temp-allocator-size-gi-baking-worker=262144"
    "memorysetup-temp-allocator-size-gi-baking-worker=262144"
    "memorysetup-temp-allocator-size-gfx=262144"
Player connection [3804]  Target information:

Player connection [3804]  * "[IP] 192.168.1.200 [Port] 0 [Flags] 2 [Guid] 2173862178 [EditorId] 2173862178 [Version] 1048832 [Id] WindowsEditor(7,DESKTOP-3F5TMG9) [Debug] 1 [PackageName] WindowsEditor [ProjectName] Editor" 

Player connection [3804] Host joined multi-casting on [225.0.0.222:54997]...
Player connection [3804] Host joined alternative multi-casting on [225.0.0.222:34997]...
JobSystem: Creating JobQueue using job-worker-count value 3
Input System module state changed to: Initialized.
[Physics::Module] Initialized fallback backend.
[Physics::Module] Id: 0xdecafbad
Library Redirect Path: Library/
[Physics::Module] Selected backend.
[Physics::Module] Name: PhysX
[Physics::Module] Id: 0xf2b8ea05
[Physics::Module] SDK Version: 4.1.2
[Physics::Module] Integration Version: 1.0.0
[Physics::Module] Threading Mode: Multi-Threaded
Refreshing native plugins compatible for Editor in 6.88 ms, found 4 plugins.
Preloading 0 native plugins for Editor in 0.00 ms.
Initialize engine version: 6000.0.35f1 (9a3bc604008a)
[Subsystems] Discovering subsystems at path C:/Program Files/Unity/Hub/Editor/6000.0.35f1/Editor/Data/Resources/UnitySubsystems
[Subsystems] Discovering subsystems at path C:/Users/Francis/Dragons/Assets
GfxDevice: creating device client; kGfxThreadingModeNonThreaded
Direct3D:
    Version:  Direct3D 11.0 [level 11.1]
    Renderer: Intel(R) Iris(R) Xe Graphics (ID=0x9a49)
    Vendor:   Intel
    VRAM:     8056 MB
    Driver:   32.0.101.6314
Initialize mono
Mono path[0] = 'C:/Program Files/Unity/Hub/Editor/6000.0.35f1/Editor/Data/Managed'
Mono path[1] = 'C:/Program Files/Unity/Hub/Editor/6000.0.35f1/Editor/Data/MonoBleedingEdge/lib/mono/unityjit-win32'
Mono config path = 'C:/Program Files/Unity/Hub/Editor/6000.0.35f1/Editor/Data/MonoBleedingEdge/etc'
Using monoOptions --debugger-agent=transport=dt_socket,embedding=1,server=y,suspend=n,address=127.0.0.1:56876
Begin MonoManager ReloadAssembly
Registering precompiled unity dll's ...
Register platform support module: C:/Program Files/Unity/Hub/Editor/6000.0.35f1/Editor/Data/PlaybackEngines/WindowsStandaloneSupport/UnityEditor.WindowsStandalone.Extensions.dll
Register platform support module: C:/Program Files/Unity/Hub/Editor/6000.0.35f1/Editor/Data/PlaybackEngines/AndroidPlayer/UnityEditor.Android.Extensions.dll
Register platform support module: C:/Program Files/Unity/Hub/Editor/6000.0.35f1/Editor/Data/PlaybackEngines/iOSSupport/UnityEditor.iOS.Extensions.dll
Registered in 0.004263 seconds.
- Loaded All Assemblies, in  0.632 seconds
[usbmuxd] Start listen thread
[usbmuxd] Listen thread started
[usbmuxd] Send listen message
Native extension for iOS target not found
Native extension for Android target not found
Android Extension - Scanning For ADB Devices 406 ms
Native extension for WindowsStandalone target not found
Mono: successfully reloaded assembly
- Finished resetting the current domain, in  1.087 seconds
Domain Reload Profiling: 1718ms
	BeginReloadAssembly (213ms)
		ExecutionOrderSort (0ms)
		DisableScriptedObjects (0ms)
		BackupInstance (0ms)
		ReleaseScriptingObjects (0ms)
		CreateAndSetChildDomain (1ms)
	RebuildCommonClasses (62ms)
	RebuildNativeTypeToScriptingClass (17ms)
	initialDomainReloadingComplete (80ms)
	LoadAllAssembliesAndSetupDomain (258ms)
		LoadAssemblies (210ms)
		RebuildTransferFunctionScriptingTraits (0ms)
		AnalyzeDomain (252ms)
			TypeCache.Refresh (250ms)
				TypeCache.ScanAssembly (227ms)
			BuildScriptInfoCaches (0ms)
			ResolveRequiredComponents (1ms)
	FinalizeReload (1088ms)
		ReleaseScriptCaches (0ms)
		RebuildScriptCaches (0ms)
		SetupLoadedEditorAssemblies (1011ms)
			LogAssemblyErrors (0ms)
			InitializePlatformSupportModulesInManaged (563ms)
			SetLoadedEditorAssemblies (6ms)
			BeforeProcessingInitializeOnLoad (100ms)
			ProcessInitializeOnLoadAttributes (230ms)
			ProcessInitializeOnLoadMethodAttributes (110ms)
			AfterProcessingInitializeOnLoad (0ms)
			EditorAssembliesLoaded (0ms)
		ExecutionOrderSort2 (0ms)
		AwakeInstancesAfterBackupRestoration (0ms)
========================================================================
Worker process is ready to serve import requests
Import Worker Mode flag is 0x00
Begin MonoManager ReloadAssembly
- Loaded All Assemblies, in  1.139 seconds
Refreshing native plugins compatible for Editor in 4.10 ms, found 4 plugins.
Native extension for iOS target not found
Native extension for Android target not found
Native extension for WindowsStandalone target not found
Package Manager log level set to [2]
[Package Manager] Failed to launch server process. Reason: Unity was launched with the -noUpm command-line argument
[Package Manager] Unable to send message (not connected to server process).
[Package Manager] Cannot connect to Unity Package Manager local server
Mono: successfully reloaded assembly
[Package Manager] Failed to launch server process. Reason: Unity was launched with the -noUpm command-line argument
[Package Manager] Unable to send message (not connected to server process).
[Package Manager] Cannot connect to Unity Package Manager local server
[Package Manager] Failed to launch server process. Reason: Unity was launched with the -noUpm command-line argument
[Package Manager] Unable to send message (not connected to server process).
[Package Manager] Cannot connect to Unity Package Manager local server
- Finished resetting the current domain, in  0.974 seconds
Domain Reload Profiling: 2109ms
	BeginReloadAssembly (279ms)
		ExecutionOrderSort (0ms)
		DisableScriptedObjects (9ms)
		BackupInstance (0ms)
		ReleaseScriptingObjects (0ms)
		CreateAndSetChildDomain (60ms)
	RebuildCommonClasses (50ms)
	RebuildNativeTypeToScriptingClass (17ms)
	initialDomainReloadingComplete (56ms)
	LoadAllAssembliesAndSetupDomain (732ms)
		LoadAssemblies (492ms)
		RebuildTransferFunctionScriptingTraits (0ms)
		AnalyzeDomain (396ms)
			TypeCache.Refresh (289ms)
				TypeCache.ScanAssembly (249ms)
			BuildScriptInfoCaches (89ms)
			ResolveRequiredComponents (12ms)
	FinalizeReload (974ms)
		ReleaseScriptCaches (0ms)
		RebuildScriptCaches (0ms)
		SetupLoadedEditorAssemblies (787ms)
			LogAssemblyErrors (0ms)
			InitializePlatformSupportModulesInManaged (26ms)
			SetLoadedEditorAssemblies (4ms)
			BeforeProcessingInitializeOnLoad (161ms)
			ProcessInitializeOnLoadAttributes (539ms)
			ProcessInitializeOnLoadMethodAttributes (49ms)
			AfterProcessingInitializeOnLoad (6ms)
			EditorAssembliesLoaded (1ms)
		ExecutionOrderSort2 (0ms)
		AwakeInstancesAfterBackupRestoration (8ms)
Launched and connected shader compiler UnityShaderCompiler.exe after 0.02 seconds
Refreshing native plugins compatible for Editor in 3.14 ms, found 4 plugins.
Preloading 0 native plugins for Editor in 0.00 ms.
Unloading 22 Unused Serialized files (Serialized files now loaded: 0)
Unloading 4656 unused Assets / (3.1 MB). Loaded Objects now: 5144.
Memory consumption went from 93.3 MB to 90.3 MB.
Total: 10.888300 ms (FindLiveObjects: 0.668300 ms CreateObjectMapping: 0.594600 ms MarkObjects: 6.707000 ms  DeleteObjects: 2.916400 ms)

========================================================================
Received Prepare
Refreshing native plugins compatible for Editor in 3.64 ms, found 4 plugins.
Preloading 0 native plugins for Editor in 0.00 ms.
Unloading 8 Unused Serialized files (Serialized files now loaded: 0)
Unloading 8 unused Assets / (1.1 MB). Loaded Objects now: 5144.
Memory consumption went from 85.8 MB to 84.7 MB.
Total: 10.701300 ms (FindLiveObjects: 0.415200 ms CreateObjectMapping: 0.408500 ms MarkObjects: 8.676300 ms  DeleteObjects: 1.199200 ms)

Prepare: number of updated asset objects reloaded= 0
AssetImportParameters requested are different than current active one (requested -> active):
  buildTarget: platform 13, subtarget 0, extendedPlatform 0 -> platform 19, subtarget 2, extendedPlatform 0
  graphicsApiMask: 2099200 -> 4
========================================================================
Received Prepare
Refreshing native plugins compatible for Editor in 3.65 ms, found 4 plugins.
Preloading 0 native plugins for Editor in 0.00 ms.
Unloading 8 Unused Serialized files (Serialized files now loaded: 0)
Unloading 8 unused Assets / (1.1 MB). Loaded Objects now: 5144.
Memory consumption went from 85.7 MB to 84.7 MB.
Total: 7.186200 ms (FindLiveObjects: 0.437200 ms CreateObjectMapping: 0.413900 ms MarkObjects: 5.556700 ms  DeleteObjects: 0.776500 ms)

Prepare: number of updated asset objects reloaded= 0
AssetImportParameters requested are different than current active one (requested -> active):
  buildTarget: platform 13, subtarget 0, extendedPlatform 0 -> platform 19, subtarget 2, extendedPlatform 0
  graphicsApiMask: 2099200 -> 4
========================================================================
Received Prepare
Begin MonoManager ReloadAssembly
- Loaded All Assemblies, in  1.025 seconds
Refreshing native plugins compatible for Editor in 2.65 ms, found 4 plugins.
Native extension for iOS target not found
Native extension for Android target not found
Native extension for WindowsStandalone target not found
[Package Manager] Failed to launch server process. Reason: Unity was launched with the -noUpm command-line argument
[Package Manager] Unable to send message (not connected to server process).
[Package Manager] Cannot connect to Unity Package Manager local server
Mono: successfully reloaded assembly
[Package Manager] Failed to launch server process. Reason: Unity was launched with the -noUpm command-line argument
[Package Manager] Unable to send message (not connected to server process).
[Package Manager] Cannot connect to Unity Package Manager local server
- Finished resetting the current domain, in  1.079 seconds
Domain Reload Profiling: 2103ms
	BeginReloadAssembly (295ms)
		ExecutionOrderSort (0ms)
		DisableScriptedObjects (11ms)
		BackupInstance (0ms)
		ReleaseScriptingObjects (0ms)
		CreateAndSetChildDomain (75ms)
	RebuildCommonClasses (68ms)
	RebuildNativeTypeToScriptingClass (24ms)
	initialDomainReloadingComplete (40ms)
	LoadAllAssembliesAndSetupDomain (597ms)
		LoadAssemblies (430ms)
		RebuildTransferFunctionScriptingTraits (0ms)
		AnalyzeDomain (316ms)
			TypeCache.Refresh (145ms)
				TypeCache.ScanAssembly (128ms)
			BuildScriptInfoCaches (153ms)
			ResolveRequiredComponents (12ms)
	FinalizeReload (1080ms)
		ReleaseScriptCaches (0ms)
		RebuildScriptCaches (0ms)
		SetupLoadedEditorAssemblies (909ms)
			LogAssemblyErrors (0ms)
			InitializePlatformSupportModulesInManaged (22ms)
			SetLoadedEditorAssemblies (6ms)
			BeforeProcessingInitializeOnLoad (176ms)
			ProcessInitializeOnLoadAttributes (650ms)
			ProcessInitializeOnLoadMethodAttributes (50ms)
			AfterProcessingInitializeOnLoad (5ms)
			EditorAssembliesLoaded (0ms)
		ExecutionOrderSort2 (0ms)
		AwakeInstancesAfterBackupRestoration (7ms)
Refreshing native plugins compatible for Editor in 2.32 ms, found 4 plugins.
Preloading 0 native plugins for Editor in 0.00 ms.
Unloading 9 Unused Serialized files (Serialized files now loaded: 0)
Unloading 4654 unused Assets / (2.9 MB). Loaded Objects now: 5146.
Memory consumption went from 101.3 MB to 98.4 MB.
Total: 8.628800 ms (FindLiveObjects: 0.644900 ms CreateObjectMapping: 0.490500 ms MarkObjects: 5.036700 ms  DeleteObjects: 2.455400 ms)

Prepare: number of updated asset objects reloaded= 0
AssetImportParameters requested are different than current active one (requested -> active):
  buildTarget: platform 13, subtarget 0, extendedPlatform 0 -> platform 19, subtarget 2, extendedPlatform 0
  graphicsApiMask: 2099200 -> 4
========================================================================
Received Import Request.
  Time since last request: 5177.639904 seconds.
  path: Assets/stormborn.jpg
  artifactKey: Guid(f0ac219b66583e54c94c8fc9ba1e417b) Importer(2089858483,192608db42251d675da83286b1cce702)
Start importing Assets/stormborn.jpg using Guid(f0ac219b66583e54c94c8fc9ba1e417b) Importer(2089858483,192608db42251d675da83286b1cce702) (ScriptedImporter) -> (artifact id: '53d6a35cda6abf065f52328bc2938c07') in 0.2486662 seconds
Number of updated asset objects reloaded before import = 0Number of asset objects unloaded after import = 1

========================================================================
Received Import Request.
  Time since last request: 0.000035 seconds.
  path: Assets/FourEvilDragonsHP/Animations/DragonNightMare/Horn Attack.fbx
  artifactKey: Guid(19a5a8dd9f6eaba49980048610a6e8e3) Importer(2089858483,192608db42251d675da83286b1cce702)
Start importing Assets/FourEvilDragonsHP/Animations/DragonNightMare/Horn Attack.fbx using Guid(19a5a8dd9f6eaba49980048610a6e8e3) Importer(2089858483,192608db42251d675da83286b1cce702) (ScriptedImporter) -> (artifact id: '84e692284f460ea17c30956a3c2b17f7') in 0.089707 seconds
Number of updated asset objects reloaded before import = 0Number of asset objects unloaded after import = 155

========================================================================
Received Import Request.
  Time since last request: 0.000058 seconds.
  path: Assets/FourEvilDragonsHP/Animations/DragonUsurper/attackHand.fbx
  artifactKey: Guid(1420a40f7b2cd1341944b103718427f4) Importer(2089858483,192608db42251d675da83286b1cce702)
Start importing Assets/FourEvilDragonsHP/Animations/DragonUsurper/attackHand.fbx using Guid(1420a40f7b2cd1341944b103718427f4) Importer(2089858483,192608db42251d675da83286b1cce702) (ScriptedImporter) -> (artifact id: 'c72611588ea37c26fc9998fe37fe49e3') in 0.0347552 seconds
Number of updated asset objects reloaded before import = 0Number of asset objects unloaded after import = 249

========================================================================
Received Import Request.
  Time since last request: 0.000030 seconds.
  path: Assets/FourEvilDragonsHP/Animations/DragonSoulEater/Land.fbx
  artifactKey: Guid(9b846aa063f67a34b80cef9a15befe38) Importer(2089858483,192608db42251d675da83286b1cce702)
Start importing Assets/FourEvilDragonsHP/Animations/DragonSoulEater/Land.fbx using Guid(9b846aa063f67a34b80cef9a15befe38) Importer(2089858483,192608db42251d675da83286b1cce702) (ScriptedImporter) -> (artifact id: 'd594c47f3c11c1a1bd076d1ad8fc793b') in 0.0436381 seconds
Number of updated asset objects reloaded before import = 0Number of asset objects unloaded after import = 133

========================================================================
Received Import Request.
  Time since last request: 0.000031 seconds.
  path: Assets/FourEvilDragonsHP/Animations/DragonSoulEater/Scream.fbx
  artifactKey: Guid(8b0b248c4105fd841aad612f61769ae9) Importer(2089858483,192608db42251d675da83286b1cce702)
Start importing Assets/FourEvilDragonsHP/Animations/DragonSoulEater/Scream.fbx using Guid(8b0b248c4105fd841aad612f61769ae9) Importer(2089858483,192608db42251d675da83286b1cce702) (ScriptedImporter) -> (artifact id: 'b01073f2a6f6e7582d5ea2aefce8044c') in 0.0471115 seconds
Number of updated asset objects reloaded before import = 0Number of asset objects unloaded after import = 133

========================================================================
Received Import Request.
  Time since last request: 0.000033 seconds.
  path: Assets/FourEvilDragonsHP/Animations/DragonSoulEater/Sleeping.fbx
  artifactKey: Guid(0b0985d8d75993d4ba1c094379da358c) Importer(2089858483,192608db42251d675da83286b1cce702)
Start importing Assets/FourEvilDragonsHP/Animations/DragonSoulEater/Sleeping.fbx using Guid(0b0985d8d75993d4ba1c094379da358c) Importer(2089858483,192608db42251d675da83286b1cce702) (ScriptedImporter) -> (artifact id: '00019a953b48d45028262192a534c0c1') in 0.0529832 seconds
Number of updated asset objects reloaded before import = 0Number of asset objects unloaded after import = 133

========================================================================
Received Import Request.
  Time since last request: 0.000019 seconds.
  path: Assets/FourEvilDragonsHP/Materials/DragonNightmare/BlueHP.mat
  artifactKey: Guid(81d2b67dc7484724095d4343217c4e31) Importer(2089858483,192608db42251d675da83286b1cce702)
Start importing Assets/FourEvilDragonsHP/Materials/DragonNightmare/BlueHP.mat using Guid(81d2b67dc7484724095d4343217c4e31) Importer(2089858483,192608db42251d675da83286b1cce702) (ScriptedImporter) -> (artifact id: '39d0e057f4bc8564ce4c887c8728b06b') in 0.2884527 seconds
Number of updated asset objects reloaded before import = 0Number of asset objects unloaded after import = 2

========================================================================
Received Import Request.
  Time since last request: 0.000181 seconds.
  path: Assets/FourEvilDragonsHP/Animators/NightmareCTRL.controller
  artifactKey: Guid(08f6634017a8e784a8807f193b72bec9) Importer(2089858483,192608db42251d675da83286b1cce702)
Start importing Assets/FourEvilDragonsHP/Animators/NightmareCTRL.controller using Guid(08f6634017a8e784a8807f193b72bec9) Importer(2089858483,192608db42251d675da83286b1cce702) (ScriptedImporter) -> (artifact id: 'f9fb88d53ced9b3d83a5fda37c00ef6f') in 0.0754724 seconds
Number of updated asset objects reloaded before import = 0Number of asset objects unloaded after import = 50

========================================================================
Received Import Request.
  Time since last request: 0.000073 seconds.
  path: Assets/FourEvilDragonsHP/Scene/TerrorBringerScene.unity
  artifactKey: Guid(abd974e8f4002d14994cb4d1bfce6443) Importer(2089858483,192608db42251d675da83286b1cce702)
Start importing Assets/FourEvilDragonsHP/Scene/TerrorBringerScene.unity using Guid(abd974e8f4002d14994cb4d1bfce6443) Importer(2089858483,192608db42251d675da83286b1cce702) (ScriptedImporter) -> (artifact id: 'c5790f86f06e26d0c67caf426319a9f6') in 0.0305106 seconds
Number of updated asset objects reloaded before import = 0Number of asset objects unloaded after import = 1

========================================================================
Received Import Request.
  Time since last request: 0.000210 seconds.
  path: Assets/FourEvilDragonsHP/Animations/DragonTerrorBringer/sleep.fbx
  artifactKey: Guid(d1f47f7ac86a75840bfb342ed7ca65d0) Importer(2089858483,192608db42251d675da83286b1cce702)
Start importing Assets/FourEvilDragonsHP/Animations/DragonTerrorBringer/sleep.fbx using Guid(d1f47f7ac86a75840bfb342ed7ca65d0) Importer(2089858483,192608db42251d675da83286b1cce702) (ScriptedImporter) -> (artifact id: 'e84c77f71f914df61b569d903a890105') in 0.0728037 seconds
Number of updated asset objects reloaded before import = 0Number of asset objects unloaded after import = 177

========================================================================
Received Import Request.
  Time since last request: 0.000043 seconds.
  path: Assets/FourEvilDragonsHP/Animations/DragonSoulEater/Defend.fbx
  artifactKey: Guid(e0b6d06a8887b3641a0608659230e121) Importer(2089858483,192608db42251d675da83286b1cce702)
Start importing Assets/FourEvilDragonsHP/Animations/DragonSoulEater/Defend.fbx using Guid(e0b6d06a8887b3641a0608659230e121) Importer(2089858483,192608db42251d675da83286b1cce702) (ScriptedImporter) -> (artifact id: '9b49ebc360a0cd8d2c61a71d6c976297') in 0.0677251 seconds
Number of updated asset objects reloaded before import = 0Number of asset objects unloaded after import = 133

========================================================================
Received Import Request.
  Time since last request: 0.000038 seconds.
  path: Assets/FourEvilDragonsHP/Materials/DragonUsurper/GreenHP.mat
  artifactKey: Guid(acd197acde96c544b8d8fd85cc2e8b20) Importer(2089858483,192608db42251d675da83286b1cce702)
Start importing Assets/FourEvilDragonsHP/Materials/DragonUsurper/GreenHP.mat using Guid(acd197acde96c544b8d8fd85cc2e8b20) Importer(2089858483,192608db42251d675da83286b1cce702) (ScriptedImporter) -> (artifact id: '9ac7ca8da5926388e656b1977c99e8d5') in 0.1885493 seconds
Number of updated asset objects reloaded before import = 0Number of asset objects unloaded after import = 2

========================================================================
Received Import Request.
  Time since last request: 0.000043 seconds.
  path: Assets/FourEvilDragonsHP/Animations/DragonSoulEater/Run.fbx
  artifactKey: Guid(93048e03d4dc597468fce555d02e9274) Importer(2089858483,192608db42251d675da83286b1cce702)
Start importing Assets/FourEvilDragonsHP/Animations/DragonSoulEater/Run.fbx using Guid(93048e03d4dc597468fce555d02e9274) Importer(2089858483,192608db42251d675da83286b1cce702) (ScriptedImporter) -> (artifact id: '3d8fe4cc0a38fe8a387eebf03f8ebfd5') in 0.129151 seconds
Number of updated asset objects reloaded before import = 0Number of asset objects unloaded after import = 133

========================================================================
Received Import Request.
  Time since last request: 0.000092 seconds.
  path: Assets/FourEvilDragonsHP/Animations/DragonUsurper/attackFlame.fbx
  artifactKey: Guid(f3c4af16992f14c43a050675b9be2f68) Importer(2089858483,192608db42251d675da83286b1cce702)
Start importing Assets/FourEvilDragonsHP/Animations/DragonUsurper/attackFlame.fbx using Guid(f3c4af16992f14c43a050675b9be2f68) Importer(2089858483,192608db42251d675da83286b1cce702) (ScriptedImporter) -> (artifact id: '00382f7d90d1d51f21291c3cd881ae7d') in 0.1467628 seconds
Number of updated asset objects reloaded before import = 0Number of asset objects unloaded after import = 249

========================================================================
Received Import Request.
  Time since last request: 0.000037 seconds.
  path: Assets/FourEvilDragonsHP/Prefab/DragonSoulEater/Green.prefab
  artifactKey: Guid(88e480c990c9d6a458b5fc85fe1da2aa) Importer(2089858483,192608db42251d675da83286b1cce702)
Start importing Assets/FourEvilDragonsHP/Prefab/DragonSoulEater/Green.prefab using Guid(88e480c990c9d6a458b5fc85fe1da2aa) Importer(2089858483,192608db42251d675da83286b1cce702) (ScriptedImporter) -> (artifact id: '47e26e0b7697a86df878e1158dbdc065') in 0.1069083 seconds
Number of updated asset objects reloaded before import = 0Number of asset objects unloaded after import = 185

========================================================================
Received Import Request.
  Time since last request: 0.000088 seconds.
  path: Assets/FourEvilDragonsHP/Scene/UsurperScene.unity
  artifactKey: Guid(cba58fffeb4be854491c94a10cb5f486) Importer(2089858483,192608db42251d675da83286b1cce702)
Start importing Assets/FourEvilDragonsHP/Scene/UsurperScene.unity using Guid(cba58fffeb4be854491c94a10cb5f486) Importer(2089858483,192608db42251d675da83286b1cce702) (ScriptedImporter) -> (artifact id: '132e9d2180a670029fe56e0da436be81') in 0.0562401 seconds
Number of updated asset objects reloaded before import = 0Number of asset objects unloaded after import = 1

========================================================================
Received Import Request.
  Time since last request: 0.001406 seconds.
  path: Assets/FourEvilDragonsHP/Animations/DragonTerrorBringer/idle02.fbx
  artifactKey: Guid(cbbe4ed6e6acf294e9df235ff6184874) Importer(2089858483,192608db42251d675da83286b1cce702)
Start importing Assets/FourEvilDragonsHP/Animations/DragonTerrorBringer/idle02.fbx using Guid(cbbe4ed6e6acf294e9df235ff6184874) Importer(2089858483,192608db42251d675da83286b1cce702) (ScriptedImporter) -> (artifact id: '7120e77373c0956f0297c92e8d0081c7') in 0.1434613 seconds
Number of updated asset objects reloaded before import = 0Number of asset objects unloaded after import = 177

========================================================================
Received Import Request.
  Time since last request: 0.000046 seconds.
  path: Assets/FourEvilDragonsHP/Animations/DragonNightMare/walkLeft.fbx
  artifactKey: Guid(f0e26e0f2a772af4a95ec08b88a49302) Importer(2089858483,192608db42251d675da83286b1cce702)
Start importing Assets/FourEvilDragonsHP/Animations/DragonNightMare/walkLeft.fbx using Guid(f0e26e0f2a772af4a95ec08b88a49302) Importer(2089858483,192608db42251d675da83286b1cce702) (ScriptedImporter) -> (artifact id: 'aeab9bcc1f81e5e0d249ef3e6518460e') in 0.2393472 seconds
Number of updated asset objects reloaded before import = 0Number of asset objects unloaded after import = 155

========================================================================
Received Import Request.
  Time since last request: 0.000059 seconds.
  path: Assets/FourEvilDragonsHP/Prefab/DragonSoulEater/Red.prefab
  artifactKey: Guid(70f277dcf2cdfdd4db7ee0ca76e07767) Importer(2089858483,192608db42251d675da83286b1cce702)
Start importing Assets/FourEvilDragonsHP/Prefab/DragonSoulEater/Red.prefab using Guid(70f277dcf2cdfdd4db7ee0ca76e07767) Importer(2089858483,192608db42251d675da83286b1cce702) (ScriptedImporter) -> (artifact id: '5237cbfb6bd1eb64902c98ceeedfe4c0') in 0.1011823 seconds
Number of updated asset objects reloaded before import = 0Number of asset objects unloaded after import = 185

========================================================================
Received Import Request.
  Time since last request: 0.000063 seconds.
  path: Assets/Joystick Pack/Examples/Player.mat
  artifactKey: Guid(59e4faf24927edf4a82f463ad16f1c37) Importer(2089858483,192608db42251d675da83286b1cce702)
Start importing Assets/Joystick Pack/Examples/Player.mat using Guid(59e4faf24927edf4a82f463ad16f1c37) Importer(2089858483,192608db42251d675da83286b1cce702) (ScriptedImporter) -> (artifact id: 'c1a48b55926bdd6127ab969531583c6c') in 0.0378131 seconds
Number of updated asset objects reloaded before import = 0Number of asset objects unloaded after import = 1

========================================================================
Received Import Request.
  Time since last request: 0.000024 seconds.
  path: Assets/XR/Loaders/ARCoreLoader.asset
  artifactKey: Guid(26b29ba58fe7d2b42b1ec6b688b21b90) Importer(2089858483,192608db42251d675da83286b1cce702)
Start importing Assets/XR/Loaders/ARCoreLoader.asset using Guid(26b29ba58fe7d2b42b1ec6b688b21b90) Importer(2089858483,192608db42251d675da83286b1cce702) (ScriptedImporter) -> (artifact id: 'c63de98ca9fa4d247de0083cfaba2c05') in 0.145292 seconds
Number of updated asset objects reloaded before import = 0Number of asset objects unloaded after import = 1

========================================================================
Received Import Request.
  Time since last request: 0.000199 seconds.
  path: Assets/Joystick Pack/Examples/JoystickSetterExample.cs
  artifactKey: Guid(3d73bf03f88f371469fd7b43fc97d77e) Importer(2089858483,192608db42251d675da83286b1cce702)
Start importing Assets/Joystick Pack/Examples/JoystickSetterExample.cs using Guid(3d73bf03f88f371469fd7b43fc97d77e) Importer(2089858483,192608db42251d675da83286b1cce702) (ScriptedImporter) -> (artifact id: 'bb59f6618f88f0d236cc72730520b85c') in 0.1017808 seconds
Number of updated asset objects reloaded before import = 0Number of asset objects unloaded after import = 0

========================================================================
Received Import Request.
  Time since last request: 0.000162 seconds.
  path: Assets/FourEvilDragonsHP/Animations/DragonUsurper/Walk.fbx
  artifactKey: Guid(9f159f6b3339be1409c27761d89f18bd) Importer(2089858483,192608db42251d675da83286b1cce702)
Start importing Assets/FourEvilDragonsHP/Animations/DragonUsurper/Walk.fbx using Guid(9f159f6b3339be1409c27761d89f18bd) Importer(2089858483,192608db42251d675da83286b1cce702) (ScriptedImporter) -> (artifact id: '1d70f6bfe283063fde212db6e42281f8') in 0.0940258 seconds
Number of updated asset objects reloaded before import = 0Number of asset objects unloaded after import = 249

========================================================================
Received Import Request.
  Time since last request: 0.000059 seconds.
  path: Assets/FourEvilDragonsHP/Prefab/DragonUsurper/Purple.prefab
  artifactKey: Guid(09ade59177310454ba3c93ae4b7dc125) Importer(2089858483,192608db42251d675da83286b1cce702)
Start importing Assets/FourEvilDragonsHP/Prefab/DragonUsurper/Purple.prefab using Guid(09ade59177310454ba3c93ae4b7dc125) Importer(2089858483,192608db42251d675da83286b1cce702) (ScriptedImporter) -> (artifact id: '7e4a7857b7fc6281184706dc049f6437') in 0.2336955 seconds
Number of updated asset objects reloaded before import = 0Number of asset objects unloaded after import = 304

========================================================================
Received Import Request.
  Time since last request: 0.000069 seconds.
  path: Assets/FourEvilDragonsHP/Materials/DragonTerrorBringer/GreenHP.mat
  artifactKey: Guid(63a8442de5af83f49902935ef0d8904e) Importer(2089858483,192608db42251d675da83286b1cce702)
Start importing Assets/FourEvilDragonsHP/Materials/DragonTerrorBringer/GreenHP.mat using Guid(63a8442de5af83f49902935ef0d8904e) Importer(2089858483,192608db42251d675da83286b1cce702) (ScriptedImporter) -> (artifact id: '6b5201aec7b891b783b6b4311771ba88') in 0.408457 seconds
Number of updated asset objects reloaded before import = 0Number of asset objects unloaded after import = 2

========================================================================
Received Import Request.
  Time since last request: 0.000057 seconds.
  path: Assets/FourEvilDragonsHP/Prefab/DragonSoulEater/Blue.prefab
  artifactKey: Guid(c644a2181ac22e740968a7ece97e8f36) Importer(2089858483,192608db42251d675da83286b1cce702)
Start importing Assets/FourEvilDragonsHP/Prefab/DragonSoulEater/Blue.prefab using Guid(c644a2181ac22e740968a7ece97e8f36) Importer(2089858483,192608db42251d675da83286b1cce702) (ScriptedImporter) -> (artifact id: 'c65d1f50f2246bd49945b698bda26b85') in 0.1793928 seconds
Number of updated asset objects reloaded before import = 0Number of asset objects unloaded after import = 185

========================================================================
Received Import Request.
  Time since last request: 0.000057 seconds.
  path: Assets/FourEvilDragonsHP/Animations/DragonSoulEater/Fly Forward.fbx
  artifactKey: Guid(5fa09084d33ac9046a4a22372e78213e) Importer(2089858483,192608db42251d675da83286b1cce702)
Start importing Assets/FourEvilDragonsHP/Animations/DragonSoulEater/Fly Forward.fbx using Guid(5fa09084d33ac9046a4a22372e78213e) Importer(2089858483,192608db42251d675da83286b1cce702) (ScriptedImporter) -> (artifact id: '860d70dfd8bedb120c0412c4dbd8221a') in 0.1451931 seconds
Number of updated asset objects reloaded before import = 0Number of asset objects unloaded after import = 133

========================================================================
Received Import Request.
  Time since last request: 0.000050 seconds.
  path: Assets/FourEvilDragonsHP/Texture/DragonTerrorBringer/purpleHP.png
  artifactKey: Guid(75239c16f6a0b7d4293cac07f14f0c33) Importer(2089858483,192608db42251d675da83286b1cce702)
Start importing Assets/FourEvilDragonsHP/Texture/DragonTerrorBringer/purpleHP.png using Guid(75239c16f6a0b7d4293cac07f14f0c33) Importer(2089858483,192608db42251d675da83286b1cce702) (ScriptedImporter) -> (artifact id: '0643d132382e403b9ed1ec18db87e06a') in 0.2325354 seconds
Number of updated asset objects reloaded before import = 0Number of asset objects unloaded after import = 1

========================================================================
Received Import Request.
  Time since last request: 0.000122 seconds.
  path: Assets/FourEvilDragonsHP/Animations/DragonTerrorBringer/walk.fbx
  artifactKey: Guid(ac9b8cd5f91eeef44a25fce0f31885c1) Importer(2089858483,192608db42251d675da83286b1cce702)
Start importing Assets/FourEvilDragonsHP/Animations/DragonTerrorBringer/walk.fbx using Guid(ac9b8cd5f91eeef44a25fce0f31885c1) Importer(2089858483,192608db42251d675da83286b1cce702) (ScriptedImporter) -> (artifact id: '03c458e6ea7e40f39f8e3fe872436910') in 0.1023838 seconds
Number of updated asset objects reloaded before import = 0Number of asset objects unloaded after import = 177

========================================================================
Received Import Request.
  Time since last request: 0.000077 seconds.
  path: Assets/FourEvilDragonsHP/Materials/DragonUsurper/PurpleHP.mat
  artifactKey: Guid(c6a1d1f1e0ac339489c17274f110669a) Importer(2089858483,192608db42251d675da83286b1cce702)
Start importing Assets/FourEvilDragonsHP/Materials/DragonUsurper/PurpleHP.mat using Guid(c6a1d1f1e0ac339489c17274f110669a) Importer(2089858483,192608db42251d675da83286b1cce702) (ScriptedImporter) -> (artifact id: 'b1e0173faa929166cc60ca42ec8f1a6c') in 0.2240507 seconds
Number of updated asset objects reloaded before import = 0Number of asset objects unloaded after import = 2

========================================================================
Received Import Request.
  Time since last request: 0.000045 seconds.
  path: Assets/FourEvilDragonsHP/Texture/DragonUsurper/GreenHP.png
  artifactKey: Guid(7a1f130c4e7de554bb8a7f12d6a06ff1) Importer(2089858483,192608db42251d675da83286b1cce702)
Start importing Assets/FourEvilDragonsHP/Texture/DragonUsurper/GreenHP.png using Guid(7a1f130c4e7de554bb8a7f12d6a06ff1) Importer(2089858483,192608db42251d675da83286b1cce702) (ScriptedImporter) -> (artifact id: '9333edf6f42d19cd2372665a1fe16b01') in 0.3525704 seconds
Number of updated asset objects reloaded before import = 0Number of asset objects unloaded after import = 1

========================================================================
Received Import Request.
  Time since last request: 0.000066 seconds.
  path: Assets/FourEvilDragonsHP/Animations/DragonSoulEater/Walk.fbx
  artifactKey: Guid(555c2f8b240202a4c8f3c3f412587e5a) Importer(2089858483,192608db42251d675da83286b1cce702)
Start importing Assets/FourEvilDragonsHP/Animations/DragonSoulEater/Walk.fbx using Guid(555c2f8b240202a4c8f3c3f412587e5a) Importer(2089858483,192608db42251d675da83286b1cce702) (ScriptedImporter) -> (artifact id: '6ebcfda818d8bb99dcef39d1a351c5f6') in 0.1499155 seconds
Number of updated asset objects reloaded before import = 0Number of asset objects unloaded after import = 133

========================================================================
Received Import Request.
  Time since last request: 0.000038 seconds.
  path: Assets/Joystick Pack/Scripts/Editor/JoystickEditor.cs
  artifactKey: Guid(d4b2b0d911a01a64ebfca9918e2b90b4) Importer(2089858483,192608db42251d675da83286b1cce702)
Start importing Assets/Joystick Pack/Scripts/Editor/JoystickEditor.cs using Guid(d4b2b0d911a01a64ebfca9918e2b90b4) Importer(2089858483,192608db42251d675da83286b1cce702) (ScriptedImporter) -> (artifact id: '78c3b687f6065ecf283f524918144a89') in 0.0916313 seconds
Number of updated asset objects reloaded before import = 0Number of asset objects unloaded after import = 0

========================================================================
Received Import Request.
  Time since last request: 0.000121 seconds.
  path: Assets/FourEvilDragonsHP/Prefab/DragonTerrorBringer/Purple.prefab
  artifactKey: Guid(8e302007cba46d94b970c6a0955b9628) Importer(2089858483,192608db42251d675da83286b1cce702)
Start importing Assets/FourEvilDragonsHP/Prefab/DragonTerrorBringer/Purple.prefab using Guid(8e302007cba46d94b970c6a0955b9628) Importer(2089858483,192608db42251d675da83286b1cce702) (ScriptedImporter) -> (artifact id: '18d56000101da20448b6ddc89e8be31e') in 0.0945451 seconds
Number of updated asset objects reloaded before import = 0Number of asset objects unloaded after import = 232

========================================================================
Received Import Request.
  Time since last request: 0.000075 seconds.
  path: Assets/FourEvilDragonsHP/Prefab/DragonUsurper/Green.prefab
  artifactKey: Guid(aeb4794909bc89d43b72ad784903e0f5) Importer(2089858483,192608db42251d675da83286b1cce702)
Start importing Assets/FourEvilDragonsHP/Prefab/DragonUsurper/Green.prefab using Guid(aeb4794909bc89d43b72ad784903e0f5) Importer(2089858483,192608db42251d675da83286b1cce702) (ScriptedImporter) -> (artifact id: '9d101e6e99e4fc6cfdbd198b276e6c9a') in 0.10217 seconds
Number of updated asset objects reloaded before import = 0Number of asset objects unloaded after import = 304

========================================================================
Received Import Request.
  Time since last request: 0.000053 seconds.
  path: Assets/FourEvilDragonsHP/Animations/DragonNightMare/defend.fbx
  artifactKey: Guid(b97d7fae708615b4bab97d3197b11bf9) Importer(2089858483,192608db42251d675da83286b1cce702)
Start importing Assets/FourEvilDragonsHP/Animations/DragonNightMare/defend.fbx using Guid(b97d7fae708615b4bab97d3197b11bf9) Importer(2089858483,192608db42251d675da83286b1cce702) (ScriptedImporter) -> (artifact id: 'ee63a32f9638d97f8d6bb54ae4948dac') in 0.1961202 seconds
Number of updated asset objects reloaded before import = 0Number of asset objects unloaded after import = 155

========================================================================
Received Import Request.
  Time since last request: 0.000145 seconds.
  path: Assets/Joystick Pack/Scripts/Joysticks/FloatingJoystick.cs
  artifactKey: Guid(7a47f546fc70ec8428172694e78e4288) Importer(2089858483,192608db42251d675da83286b1cce702)
Start importing Assets/Joystick Pack/Scripts/Joysticks/FloatingJoystick.cs using Guid(7a47f546fc70ec8428172694e78e4288) Importer(2089858483,192608db42251d675da83286b1cce702) (ScriptedImporter) -> (artifact id: '17c152fab59171ca24f3e9205f5bd6c6') in 0.1786704 seconds
Number of updated asset objects reloaded before import = 0Number of asset objects unloaded after import = 0

========================================================================
Received Import Request.
  Time since last request: 0.006050 seconds.
  path: Assets/Joystick Pack/Scripts/Joysticks/FixedJoystick.cs
  artifactKey: Guid(45977bbae16431c46a013576a1aea384) Importer(2089858483,192608db42251d675da83286b1cce702)
Start importing Assets/Joystick Pack/Scripts/Joysticks/FixedJoystick.cs using Guid(45977bbae16431c46a013576a1aea384) Importer(2089858483,192608db42251d675da83286b1cce702) (ScriptedImporter) -> (artifact id: '771db487c926dec2e9e96858c679eb12') in 0.0602574 seconds
Number of updated asset objects reloaded before import = 0Number of asset objects unloaded after import = 0

========================================================================
Received Import Request.
  Time since last request: 0.000241 seconds.
  path: Assets/Joystick Pack/Sprites/All Axis Backgrounds/AllAxis_Plain_Arrows.png
  artifactKey: Guid(2a1f3cba20f3e11498474a705db12fde) Importer(2089858483,192608db42251d675da83286b1cce702)
Start importing Assets/Joystick Pack/Sprites/All Axis Backgrounds/AllAxis_Plain_Arrows.png using Guid(2a1f3cba20f3e11498474a705db12fde) Importer(2089858483,192608db42251d675da83286b1cce702) (ScriptedImporter) -> (artifact id: '2eba9acff379bcab289d7781e441a0ce') in 0.102222 seconds
Number of updated asset objects reloaded before import = 0Number of asset objects unloaded after import = 3

========================================================================
Received Import Request.
  Time since last request: 0.000032 seconds.
  path: Assets/Joystick Pack/Prefabs/Floating Joystick.prefab
  artifactKey: Guid(0d230cc8be529a542a08cb878ab14b18) Importer(2089858483,192608db42251d675da83286b1cce702)
Start importing Assets/Joystick Pack/Prefabs/Floating Joystick.prefab using Guid(0d230cc8be529a542a08cb878ab14b18) Importer(2089858483,192608db42251d675da83286b1cce702) (ScriptedImporter) -> (artifact id: '2940fa529f383b2b94def5339cfe0dbe') in 0.192726 seconds
Number of updated asset objects reloaded before import = 0Number of asset objects unloaded after import = 17

========================================================================
Received Import Request.
  Time since last request: 0.000687 seconds.
  path: Assets/Joystick Pack/Sprites/Handles/Handle_Ridged_Arrows.png
  artifactKey: Guid(a6c56474666ce0647bdb766e9b4764b3) Importer(2089858483,192608db42251d675da83286b1cce702)
Start importing Assets/Joystick Pack/Sprites/Handles/Handle_Ridged_Arrows.png using Guid(a6c56474666ce0647bdb766e9b4764b3) Importer(2089858483,192608db42251d675da83286b1cce702) (ScriptedImporter) -> (artifact id: '83f4e6eaf611bb5574d5566e4f156f16') in 0.0863925 seconds
Number of updated asset objects reloaded before import = 0Number of asset objects unloaded after import = 3

========================================================================
Received Import Request.
  Time since last request: 0.000031 seconds.
  path: Assets/Joystick Pack/Sprites/Handles/Handle_Plain.png
  artifactKey: Guid(010a6e5305fa7004f89c5d317b7b47d4) Importer(2089858483,192608db42251d675da83286b1cce702)
Start importing Assets/Joystick Pack/Sprites/Handles/Handle_Plain.png using Guid(010a6e5305fa7004f89c5d317b7b47d4) Importer(2089858483,192608db42251d675da83286b1cce702) (ScriptedImporter) -> (artifact id: 'dcc4bca006f83ba3e5acdbd06dc3bcff') in 0.0574305 seconds
Number of updated asset objects reloaded before import = 0Number of asset objects unloaded after import = 3

========================================================================
Received Import Request.
  Time since last request: 0.000034 seconds.
  path: Assets/FourEvilDragonsHP/Animations/DragonNightMare/scream.fbx
  artifactKey: Guid(111c5f2baba40874c84636fdf0cf746e) Importer(2089858483,192608db42251d675da83286b1cce702)
Start importing Assets/FourEvilDragonsHP/Animations/DragonNightMare/scream.fbx using Guid(111c5f2baba40874c84636fdf0cf746e) Importer(2089858483,192608db42251d675da83286b1cce702) (ScriptedImporter) -> (artifact id: 'd95981237c65f8337b81e93e8245f03f') in 0.082702 seconds
Number of updated asset objects reloaded before import = 0Number of asset objects unloaded after import = 155

========================================================================
Received Import Request.
  Time since last request: 0.000038 seconds.
  path: Assets/FourEvilDragonsHP/Mesh/Stage.fbx
  artifactKey: Guid(2897399b8106c274f9e41904f19945b0) Importer(2089858483,192608db42251d675da83286b1cce702)
Start importing Assets/FourEvilDragonsHP/Mesh/Stage.fbx using Guid(2897399b8106c274f9e41904f19945b0) Importer(2089858483,192608db42251d675da83286b1cce702) (ScriptedImporter) -> (artifact id: '49a3c9778b48b3d8dc693e6570efa018') in 0.0877955 seconds
Number of updated asset objects reloaded before import = 0Number of asset objects unloaded after import = 7

========================================================================
Received Import Request.
  Time since last request: 0.000058 seconds.
  path: Assets/FourEvilDragonsHP/Animations/DragonUsurper/idle01.fbx
  artifactKey: Guid(f862cf09513abb14cbba0e94da9a410f) Importer(2089858483,192608db42251d675da83286b1cce702)
Start importing Assets/FourEvilDragonsHP/Animations/DragonUsurper/idle01.fbx using Guid(f862cf09513abb14cbba0e94da9a410f) Importer(2089858483,192608db42251d675da83286b1cce702) (ScriptedImporter) -> (artifact id: '6251317cd6b6e68d395c0f432bd502d9') in 0.0649033 seconds
Number of updated asset objects reloaded before import = 0Number of asset objects unloaded after import = 249

========================================================================
Received Import Request.
  Time since last request: 0.000036 seconds.
  path: Assets/FourEvilDragonsHP/Animations/DragonTerrorBringer/FlyAttack.fbx
  artifactKey: Guid(215d9268815c12d4389d713b8b1f8b12) Importer(2089858483,192608db42251d675da83286b1cce702)
Start importing Assets/FourEvilDragonsHP/Animations/DragonTerrorBringer/FlyAttack.fbx using Guid(215d9268815c12d4389d713b8b1f8b12) Importer(2089858483,192608db42251d675da83286b1cce702) (ScriptedImporter) -> (artifact id: '314e1f0c46fe9f0598849de2f2a83e83') in 0.0761132 seconds
Number of updated asset objects reloaded before import = 0Number of asset objects unloaded after import = 177

========================================================================
Received Import Request.
  Time since last request: 0.000037 seconds.
  path: Assets/Joystick Pack/Sprites/Vertical Backgrounds/Vertical_Ridged_Arrows.png
  artifactKey: Guid(9332cf0d233636a40a024382720294a3) Importer(2089858483,192608db42251d675da83286b1cce702)
Start importing Assets/Joystick Pack/Sprites/Vertical Backgrounds/Vertical_Ridged_Arrows.png using Guid(9332cf0d233636a40a024382720294a3) Importer(2089858483,192608db42251d675da83286b1cce702) (ScriptedImporter) -> (artifact id: '6f9459d2e40d37eb22749323d0520c3b') in 0.0556258 seconds
Number of updated asset objects reloaded before import = 0Number of asset objects unloaded after import = 3

========================================================================
Received Import Request.
  Time since last request: 0.000024 seconds.
  path: Assets/FourEvilDragonsHP/Prefab/DragonSoulEater/Grey.prefab
  artifactKey: Guid(36c38a65d57de7d4a9a582f9ee857701) Importer(2089858483,192608db42251d675da83286b1cce702)
Start importing Assets/FourEvilDragonsHP/Prefab/DragonSoulEater/Grey.prefab using Guid(36c38a65d57de7d4a9a582f9ee857701) Importer(2089858483,192608db42251d675da83286b1cce702) (ScriptedImporter) -> (artifact id: '69eddd5698857cf917ee3c2e4ac52518') in 0.0739047 seconds
Number of updated asset objects reloaded before import = 0Number of asset objects unloaded after import = 185

========================================================================
Received Import Request.
  Time since last request: 0.000121 seconds.
  path: Assets/FourEvilDragonsHP/Animations/DragonTerrorBringer/Flame Attack.fbx
  artifactKey: Guid(b39c8cd2e979bd0458d96f045c9e4464) Importer(2089858483,192608db42251d675da83286b1cce702)
Start importing Assets/FourEvilDragonsHP/Animations/DragonTerrorBringer/Flame Attack.fbx using Guid(b39c8cd2e979bd0458d96f045c9e4464) Importer(2089858483,192608db42251d675da83286b1cce702) (ScriptedImporter) -> (artifact id: 'f50ff65d26032451ec439070aca7b191') in 0.0604684 seconds
Number of updated asset objects reloaded before import = 0Number of asset objects unloaded after import = 177

========================================================================
Received Import Request.
  Time since last request: 0.000041 seconds.
  path: Assets/FourEvilDragonsHP/Materials/DragonNightmare/AlbinoHP.mat
  artifactKey: Guid(8000a685f5b509b45b455c9ffd1f347f) Importer(2089858483,192608db42251d675da83286b1cce702)
Start importing Assets/FourEvilDragonsHP/Materials/DragonNightmare/AlbinoHP.mat using Guid(8000a685f5b509b45b455c9ffd1f347f) Importer(2089858483,192608db42251d675da83286b1cce702) (ScriptedImporter) -> (artifact id: '546c80e99770a5a293698649c7b38008') in 0.2815605 seconds
Number of updated asset objects reloaded before import = 0Number of asset objects unloaded after import = 2

========================================================================
Received Import Request.
  Time since last request: 0.000159 seconds.
  path: Assets/FourEvilDragonsHP/Animations/DragonSoulEater/Take Off.fbx
  artifactKey: Guid(24717e004c7ffb84a901d2dfdcc426bf) Importer(2089858483,192608db42251d675da83286b1cce702)
Start importing Assets/FourEvilDragonsHP/Animations/DragonSoulEater/Take Off.fbx using Guid(24717e004c7ffb84a901d2dfdcc426bf) Importer(2089858483,192608db42251d675da83286b1cce702) (ScriptedImporter) -> (artifact id: 'b54db93a02b7c893a7be7a6631fbd45e') in 0.06077 seconds
Number of updated asset objects reloaded before import = 0Number of asset objects unloaded after import = 133

========================================================================
Received Import Request.
  Time since last request: 0.000071 seconds.
  path: Assets/FourEvilDragonsHP/Animations/DragonUsurper/Scream.fbx
  artifactKey: Guid(497f35860988216419561f5b7835a430) Importer(2089858483,192608db42251d675da83286b1cce702)
Start importing Assets/FourEvilDragonsHP/Animations/DragonUsurper/Scream.fbx using Guid(497f35860988216419561f5b7835a430) Importer(2089858483,192608db42251d675da83286b1cce702) (ScriptedImporter) -> (artifact id: '80a7c4c6dfb594397679a70e7fcfa354') in 0.0602678 seconds
Number of updated asset objects reloaded before import = 0Number of asset objects unloaded after import = 249

========================================================================
Received Import Request.
  Time since last request: 0.000045 seconds.
  path: Assets/Joystick Pack/Sprites/All Axis Backgrounds/AllAxis_Ridged.png
  artifactKey: Guid(54628aafa20f64b40ae661038ee7abf0) Importer(2089858483,192608db42251d675da83286b1cce702)
Start importing Assets/Joystick Pack/Sprites/All Axis Backgrounds/AllAxis_Ridged.png using Guid(54628aafa20f64b40ae661038ee7abf0) Importer(2089858483,192608db42251d675da83286b1cce702) (ScriptedImporter) -> (artifact id: '9e259602d2743e98b56e4a17fab460af') in 0.0558628 seconds
Number of updated asset objects reloaded before import = 0Number of asset objects unloaded after import = 3

========================================================================
Received Import Request.
  Time since last request: 0.000044 seconds.
  path: Assets/FourEvilDragonsHP/Texture/DragonSoulEater/GreyHP.png
  artifactKey: Guid(cccba017d3327554eb393b69a5434097) Importer(2089858483,192608db42251d675da83286b1cce702)
Start importing Assets/FourEvilDragonsHP/Texture/DragonSoulEater/GreyHP.png using Guid(cccba017d3327554eb393b69a5434097) Importer(2089858483,192608db42251d675da83286b1cce702) (ScriptedImporter) -> (artifact id: 'c002c541e99f16b3b859ec7943df5408') in 0.1958711 seconds
Number of updated asset objects reloaded before import = 0Number of asset objects unloaded after import = 1

========================================================================
Received Import Request.
  Time since last request: 0.000270 seconds.
  path: Assets/FourEvilDragonsHP/Animations/DragonTerrorBringer/AttackWingClaw.fbx
  artifactKey: Guid(dbbf408e4d195cf41bc2f3c7589b1c89) Importer(2089858483,192608db42251d675da83286b1cce702)
Start importing Assets/FourEvilDragonsHP/Animations/DragonTerrorBringer/AttackWingClaw.fbx using Guid(dbbf408e4d195cf41bc2f3c7589b1c89) Importer(2089858483,192608db42251d675da83286b1cce702) (ScriptedImporter) -> (artifact id: '28829f4bae344440484fa674a9ba468c') in 0.0666209 seconds
Number of updated asset objects reloaded before import = 0Number of asset objects unloaded after import = 177

========================================================================
Received Import Request.
  Time since last request: 0.000033 seconds.
  path: Assets/FourEvilDragonsHP/Animations/DragonSoulEater/Fireball Shoot.fbx
  artifactKey: Guid(6e4f9ef5485ccb04299f52ceae24d120) Importer(2089858483,192608db42251d675da83286b1cce702)
Start importing Assets/FourEvilDragonsHP/Animations/DragonSoulEater/Fireball Shoot.fbx using Guid(6e4f9ef5485ccb04299f52ceae24d120) Importer(2089858483,192608db42251d675da83286b1cce702) (ScriptedImporter) -> (artifact id: 'a5de8442ab231433a58edf37b3deae06') in 0.0624512 seconds
Number of updated asset objects reloaded before import = 0Number of asset objects unloaded after import = 133

========================================================================
Received Import Request.
  Time since last request: 0.000111 seconds.
  path: Assets/XR/Resources/XRSimulationRuntimeSettings.asset
  artifactKey: Guid(d79f8dbee8b3db044a395c48fabbfc7d) Importer(2089858483,192608db42251d675da83286b1cce702)
Start importing Assets/XR/Resources/XRSimulationRuntimeSettings.asset using Guid(d79f8dbee8b3db044a395c48fabbfc7d) Importer(2089858483,192608db42251d675da83286b1cce702) (ScriptedImporter) -> (artifact id: '6f0fe0644181d80a9afcbc3bf0066575') in 0.0532675 seconds
Number of updated asset objects reloaded before import = 0Number of asset objects unloaded after import = 1

========================================================================
Received Import Request.
  Time since last request: 0.000029 seconds.
  path: Assets/FourEvilDragonsHP/Texture/DragonNightmare/BlueHP.png
  artifactKey: Guid(7bc2111318adeb14684c06f70d594a45) Importer(2089858483,192608db42251d675da83286b1cce702)
Start importing Assets/FourEvilDragonsHP/Texture/DragonNightmare/BlueHP.png using Guid(7bc2111318adeb14684c06f70d594a45) Importer(2089858483,192608db42251d675da83286b1cce702) (ScriptedImporter) -> (artifact id: 'e4266f12dc348734631c3f1aed3a9a57') in 0.1654643 seconds
Number of updated asset objects reloaded before import = 0Number of asset objects unloaded after import = 1

========================================================================
Received Import Request.
  Time since last request: 0.000114 seconds.
  path: Assets/XR/Settings/ARCoreSettings.asset
  artifactKey: Guid(0da4b48b3287e6f4a944427e1fc1532c) Importer(2089858483,192608db42251d675da83286b1cce702)
Start importing Assets/XR/Settings/ARCoreSettings.asset using Guid(0da4b48b3287e6f4a944427e1fc1532c) Importer(2089858483,192608db42251d675da83286b1cce702) (ScriptedImporter) -> (artifact id: 'c50261ee94945aa591e0f78f56a32611') in 0.0448082 seconds
Number of updated asset objects reloaded before import = 0Number of asset objects unloaded after import = 1

========================================================================
Received Import Request.
  Time since last request: 0.000056 seconds.
  path: Assets/FourEvilDragonsHP/Animations/DragonUsurper/Sleep.fbx
  artifactKey: Guid(1cdc51d0424856e438d5215d61193412) Importer(2089858483,192608db42251d675da83286b1cce702)
Start importing Assets/FourEvilDragonsHP/Animations/DragonUsurper/Sleep.fbx using Guid(1cdc51d0424856e438d5215d61193412) Importer(2089858483,192608db42251d675da83286b1cce702) (ScriptedImporter) -> (artifact id: '0aad4ffd78c4cdf92946d0442a653c85') in 0.0710591 seconds
Number of updated asset objects reloaded before import = 0Number of asset objects unloaded after import = 249

========================================================================
Received Import Request.
  Time since last request: 0.000035 seconds.
  path: Assets/FourEvilDragonsHP/Prefab/DragonNightmare/Albino.prefab
  artifactKey: Guid(8252519d2c6fd014bb5f75765a8c4fda) Importer(2089858483,192608db42251d675da83286b1cce702)
Start importing Assets/FourEvilDragonsHP/Prefab/DragonNightmare/Albino.prefab using Guid(8252519d2c6fd014bb5f75765a8c4fda) Importer(2089858483,192608db42251d675da83286b1cce702) (ScriptedImporter) -> (artifact id: 'f8cb438c5fbaf46544ebb39568dd198d') in 0.0739942 seconds
Number of updated asset objects reloaded before import = 0Number of asset objects unloaded after import = 204

========================================================================
Received Import Request.
  Time since last request: 0.000082 seconds.
  path: Assets/FourEvilDragonsHP/Animations/DragonTerrorBringer/Defend.fbx
  artifactKey: Guid(44efacea9a9a1394c9a977bd6dd3972c) Importer(2089858483,192608db42251d675da83286b1cce702)
Start importing Assets/FourEvilDragonsHP/Animations/DragonTerrorBringer/Defend.fbx using Guid(44efacea9a9a1394c9a977bd6dd3972c) Importer(2089858483,192608db42251d675da83286b1cce702) (ScriptedImporter) -> (artifact id: '5266c6a8a2aaed81626574d2c2a654eb') in 0.1322298 seconds
Number of updated asset objects reloaded before import = 0Number of asset objects unloaded after import = 177

========================================================================
Received Import Request.
  Time since last request: 0.012188 seconds.
  path: Assets/FourEvilDragonsHP/Materials/Skybox_Mat.mat
  artifactKey: Guid(48ce278709c9add4cb03de6de56e1f59) Importer(2089858483,192608db42251d675da83286b1cce702)
Start importing Assets/FourEvilDragonsHP/Materials/Skybox_Mat.mat using Guid(48ce278709c9add4cb03de6de56e1f59) Importer(2089858483,192608db42251d675da83286b1cce702) (ScriptedImporter) -> (artifact id: '9f337b118708e052f512252b4f92e7a4') in 0.2799939 seconds
Number of updated asset objects reloaded before import = 0Number of asset objects unloaded after import = 1

========================================================================
Received Import Request.
  Time since last request: 0.537848 seconds.
  path: Assets/Joystick Pack/Examples/JoystickPlayerExample.cs
  artifactKey: Guid(a37d705c8e9115e439ec799186182634) Importer(2089858483,192608db42251d675da83286b1cce702)
Start importing Assets/Joystick Pack/Examples/JoystickPlayerExample.cs using Guid(a37d705c8e9115e439ec799186182634) Importer(2089858483,192608db42251d675da83286b1cce702) (ScriptedImporter) -> (artifact id: '50d068c4a9d7d73dba9ea3bef3c27457') in 0.0857474 seconds
Number of updated asset objects reloaded before import = 0Number of asset objects unloaded after import = 0

========================================================================
Received Import Request.
  Time since last request: 0.001321 seconds.
  path: Assets/Joystick Pack/Sprites/Vertical Backgrounds/Vertical_Outline_Arrows.png
  artifactKey: Guid(c615706690ca87043ad593475e6db7ec) Importer(2089858483,192608db42251d675da83286b1cce702)
Start importing Assets/Joystick Pack/Sprites/Vertical Backgrounds/Vertical_Outline_Arrows.png using Guid(c615706690ca87043ad593475e6db7ec) Importer(2089858483,192608db42251d675da83286b1cce702) (ScriptedImporter) -> (artifact id: '94145762806a8925076a0c88fe9a0f7f') in 0.1591042 seconds
Number of updated asset objects reloaded before import = 0Number of asset objects unloaded after import = 3

========================================================================
Received Import Request.
  Time since last request: 0.000034 seconds.
  path: Assets/Joystick Pack/Sprites/Horizontal Backgrounds/Horizontal_Ridged_Arrows.png
  artifactKey: Guid(b8467ea5fbaf9ba42908de6411bd443d) Importer(2089858483,192608db42251d675da83286b1cce702)
Start importing Assets/Joystick Pack/Sprites/Horizontal Backgrounds/Horizontal_Ridged_Arrows.png using Guid(b8467ea5fbaf9ba42908de6411bd443d) Importer(2089858483,192608db42251d675da83286b1cce702) (ScriptedImporter) -> (artifact id: 'eb1bd87ffe0abc357df4fa2415450cd7') in 0.1924566 seconds
Number of updated asset objects reloaded before import = 0Number of asset objects unloaded after import = 3

========================================================================
Received Import Request.
  Time since last request: 0.000042 seconds.
  path: Assets/FourEvilDragonsHP/Texture/DragonTerrorBringer/RedHP.png
  artifactKey: Guid(d39af39ab22387543ad267780dfc7144) Importer(2089858483,192608db42251d675da83286b1cce702)
Start importing Assets/FourEvilDragonsHP/Texture/DragonTerrorBringer/RedHP.png using Guid(d39af39ab22387543ad267780dfc7144) Importer(2089858483,192608db42251d675da83286b1cce702) (ScriptedImporter) -> (artifact id: '5024e68385c0db5a03144da9b0dafc05') in 0.5391103 seconds
Number of updated asset objects reloaded before import = 0Number of asset objects unloaded after import = 1

========================================================================
Received Import Request.
  Time since last request: 0.000394 seconds.
  path: Assets/FourEvilDragonsHP/Animations/DragonSoulEater/Fly Float.fbx
  artifactKey: Guid(e02bdaca3b0c3284ab993c4eba862036) Importer(2089858483,192608db42251d675da83286b1cce702)
Start importing Assets/FourEvilDragonsHP/Animations/DragonSoulEater/Fly Float.fbx using Guid(e02bdaca3b0c3284ab993c4eba862036) Importer(2089858483,192608db42251d675da83286b1cce702) (ScriptedImporter) -> (artifact id: 'a9a24141be4a27a1cdca09ae994b4aee') in 0.0730781 seconds
Number of updated asset objects reloaded before import = 0Number of asset objects unloaded after import = 133

========================================================================
Received Import Request.
  Time since last request: 0.000037 seconds.
  path: Assets/FourEvilDragonsHP/Animations/DragonUsurper/attackMouth.fbx
  artifactKey: Guid(9ad2ad510a1fd694392849b8dce337e3) Importer(2089858483,192608db42251d675da83286b1cce702)
Start importing Assets/FourEvilDragonsHP/Animations/DragonUsurper/attackMouth.fbx using Guid(9ad2ad510a1fd694392849b8dce337e3) Importer(2089858483,192608db42251d675da83286b1cce702) (ScriptedImporter) -> (artifact id: 'f7b3208c19433d303c13568524d4c2ad') in 0.0750186 seconds
Number of updated asset objects reloaded before import = 0Number of asset objects unloaded after import = 249

========================================================================
Received Import Request.
  Time since last request: 0.000031 seconds.
  path: Assets/FourEvilDragonsHP/Materials/DragonSoulEater/GreenHP.mat
  artifactKey: Guid(1b51484aceb3349479b6c084713a5517) Importer(2089858483,192608db42251d675da83286b1cce702)
Start importing Assets/FourEvilDragonsHP/Materials/DragonSoulEater/GreenHP.mat using Guid(1b51484aceb3349479b6c084713a5517) Importer(2089858483,192608db42251d675da83286b1cce702) (ScriptedImporter) -> (artifact id: 'c3ecb1e2822fd8a7e6e3979b4c63945a') in 0.2123086 seconds
Number of updated asset objects reloaded before import = 0Number of asset objects unloaded after import = 2

========================================================================
Received Import Request.
  Time since last request: 0.000035 seconds.
  path: Assets/Joystick Pack/Sprites/Horizontal Backgrounds/Horizontal_Plain_Arrows.png
  artifactKey: Guid(c8585b68a92b5d440992ddd7d1b1a3d6) Importer(2089858483,192608db42251d675da83286b1cce702)
Start importing Assets/Joystick Pack/Sprites/Horizontal Backgrounds/Horizontal_Plain_Arrows.png using Guid(c8585b68a92b5d440992ddd7d1b1a3d6) Importer(2089858483,192608db42251d675da83286b1cce702) (ScriptedImporter) -> (artifact id: '7a916a6982228540a8f158c10e679b39') in 0.0654813 seconds
Number of updated asset objects reloaded before import = 0Number of asset objects unloaded after import = 3

========================================================================
Received Import Request.
  Time since last request: 0.000126 seconds.
  path: Assets/Joystick Pack/Sprites/Vertical Backgrounds/Vertical_Outline.png
  artifactKey: Guid(f054197ef28924b4986cbd91de2ab054) Importer(2089858483,192608db42251d675da83286b1cce702)
Start importing Assets/Joystick Pack/Sprites/Vertical Backgrounds/Vertical_Outline.png using Guid(f054197ef28924b4986cbd91de2ab054) Importer(2089858483,192608db42251d675da83286b1cce702) (ScriptedImporter) -> (artifact id: '1ef41fd44c74bf9931d60680edc01fdd') in 0.0689054 seconds
Number of updated asset objects reloaded before import = 0Number of asset objects unloaded after import = 3

========================================================================
Received Import Request.
  Time since last request: 0.000024 seconds.
  path: Assets/FourEvilDragonsHP/Animations/DragonTerrorBringer/FlyForward.fbx
  artifactKey: Guid(d1facc13bc40c14408f2106cf788a7fd) Importer(2089858483,192608db42251d675da83286b1cce702)
Start importing Assets/FourEvilDragonsHP/Animations/DragonTerrorBringer/FlyForward.fbx using Guid(d1facc13bc40c14408f2106cf788a7fd) Importer(2089858483,192608db42251d675da83286b1cce702) (ScriptedImporter) -> (artifact id: '111b0f0e8a589295108f04b662991ebd') in 0.0894348 seconds
Number of updated asset objects reloaded before import = 0Number of asset objects unloaded after import = 177

========================================================================
Received Import Request.
  Time since last request: 0.000047 seconds.
  path: Assets/FourEvilDragonsHP/Animations/DragonTerrorBringer/GetHit.fbx
  artifactKey: Guid(01f3cd440df370b4796840c93effc251) Importer(2089858483,192608db42251d675da83286b1cce702)
Start importing Assets/FourEvilDragonsHP/Animations/DragonTerrorBringer/GetHit.fbx using Guid(01f3cd440df370b4796840c93effc251) Importer(2089858483,192608db42251d675da83286b1cce702) (ScriptedImporter) -> (artifact id: '0be33e97184131d6745958f29de102c0') in 0.0706605 seconds
Number of updated asset objects reloaded before import = 0Number of asset objects unloaded after import = 177

========================================================================
Received Import Request.
  Time since last request: 0.000057 seconds.
  path: Assets/FourEvilDragonsHP/Prefab/DragonUsurper/Blue.prefab
  artifactKey: Guid(445a5c29e7f715947b713a753f242af0) Importer(2089858483,192608db42251d675da83286b1cce702)
Start importing Assets/FourEvilDragonsHP/Prefab/DragonUsurper/Blue.prefab using Guid(445a5c29e7f715947b713a753f242af0) Importer(2089858483,192608db42251d675da83286b1cce702) (ScriptedImporter) -> (artifact id: '9e43ef2bec7c3e97935bcdfbcbbe97cd') in 0.1198668 seconds
Number of updated asset objects reloaded before import = 0Number of asset objects unloaded after import = 304

========================================================================
Received Import Request.
  Time since last request: 0.000078 seconds.
  path: Assets/FourEvilDragonsHP/Animations/DragonSoulEater/Die.fbx
  artifactKey: Guid(6f83b9d81f8c7854baeca6ff691bb0c1) Importer(2089858483,192608db42251d675da83286b1cce702)
Start importing Assets/FourEvilDragonsHP/Animations/DragonSoulEater/Die.fbx using Guid(6f83b9d81f8c7854baeca6ff691bb0c1) Importer(2089858483,192608db42251d675da83286b1cce702) (ScriptedImporter) -> (artifact id: 'b1821dc2acee977c39513d9c4255b3a1') in 0.4584572 seconds
Number of updated asset objects reloaded before import = 0Number of asset objects unloaded after import = 133

========================================================================
Received Import Request.
  Time since last request: 0.000538 seconds.
  path: Assets/FourEvilDragonsHP/Prefab/DragonUsurper/Red.prefab
  artifactKey: Guid(eb58e8f2831a51f45a44a261e6710cdd) Importer(2089858483,192608db42251d675da83286b1cce702)
Start importing Assets/FourEvilDragonsHP/Prefab/DragonUsurper/Red.prefab using Guid(eb58e8f2831a51f45a44a261e6710cdd) Importer(2089858483,192608db42251d675da83286b1cce702) (ScriptedImporter) -> (artifact id: '32805357b497a3111727db3b02f16e05') in 0.1286921 seconds
Number of updated asset objects reloaded before import = 0Number of asset objects unloaded after import = 304

========================================================================
Received Import Request.
  Time since last request: 0.000047 seconds.
  path: Assets/FourEvilDragonsHP/Texture/DragonTerrorBringer/BlueHP.png
  artifactKey: Guid(2f825827868c75a4fa366c81b5d8b977) Importer(2089858483,192608db42251d675da83286b1cce702)
Start importing Assets/FourEvilDragonsHP/Texture/DragonTerrorBringer/BlueHP.png using Guid(2f825827868c75a4fa366c81b5d8b977) Importer(2089858483,192608db42251d675da83286b1cce702) (ScriptedImporter) -> (artifact id: 'f3e5a6d5e34246e01dbb044edcce4fa1') in 0.2253126 seconds
Number of updated asset objects reloaded before import = 0Number of asset objects unloaded after import = 1

========================================================================
Received Import Request.
  Time since last request: 0.000151 seconds.
  path: Assets/FourEvilDragonsHP/Texture/DragonUsurper/BlueHP.png
  artifactKey: Guid(bd6a5ac65d3f73a48bdbc2102872fac0) Importer(2089858483,192608db42251d675da83286b1cce702)
Start importing Assets/FourEvilDragonsHP/Texture/DragonUsurper/BlueHP.png using Guid(bd6a5ac65d3f73a48bdbc2102872fac0) Importer(2089858483,192608db42251d675da83286b1cce702) (ScriptedImporter) -> (artifact id: 'c0fb8374292fa866313eddeaa8b9b8f8') in 0.2194564 seconds
Number of updated asset objects reloaded before import = 0Number of asset objects unloaded after import = 1

========================================================================
Received Import Request.
  Time since last request: 0.000344 seconds.
  path: Assets/Scenes/SampleScene.unity
  artifactKey: Guid(9fc0d4010bbf28b4594072e72b8655ab) Importer(2089858483,192608db42251d675da83286b1cce702)
Start importing Assets/Scenes/SampleScene.unity using Guid(9fc0d4010bbf28b4594072e72b8655ab) Importer(2089858483,192608db42251d675da83286b1cce702) (ScriptedImporter) -> (artifact id: 'aa3dc654a808f8d8f171f4f52f7272f7') in 0.045103 seconds
Number of updated asset objects reloaded before import = 0Number of asset objects unloaded after import = 1

========================================================================
Received Import Request.
  Time since last request: 0.000049 seconds.
  path: Assets/Joystick Pack/Prefabs/Variable Joystick.prefab
  artifactKey: Guid(ec536a7718376554185e4a856d5ae230) Importer(2089858483,192608db42251d675da83286b1cce702)
Start importing Assets/Joystick Pack/Prefabs/Variable Joystick.prefab using Guid(ec536a7718376554185e4a856d5ae230) Importer(2089858483,192608db42251d675da83286b1cce702) (ScriptedImporter) -> (artifact id: 'f1387f636db6d85605fa8bb87fc76a3e') in 0.0497097 seconds
Number of updated asset objects reloaded before import = 0Number of asset objects unloaded after import = 17

========================================================================
Received Import Request.
  Time since last request: 0.000038 seconds.
  path: Assets/Joystick Pack/Sprites/Horizontal Backgrounds/Horizontal_Outline_Arrows.png
  artifactKey: Guid(7927b9032dc11e841af3f9a1353d7ecd) Importer(2089858483,192608db42251d675da83286b1cce702)
Start importing Assets/Joystick Pack/Sprites/Horizontal Backgrounds/Horizontal_Outline_Arrows.png using Guid(7927b9032dc11e841af3f9a1353d7ecd) Importer(2089858483,192608db42251d675da83286b1cce702) (ScriptedImporter) -> (artifact id: 'd566201b4177ec4e0cddabfb51b6a299') in 0.0657431 seconds
Number of updated asset objects reloaded before import = 0Number of asset objects unloaded after import = 3

========================================================================
Received Import Request.
  Time since last request: 0.000025 seconds.
  path: Assets/XR/Loaders/SimulationLoader.asset
  artifactKey: Guid(00d2f7be8bf5f064cb0ef0db10cf5a8d) Importer(2089858483,192608db42251d675da83286b1cce702)
Start importing Assets/XR/Loaders/SimulationLoader.asset using Guid(00d2f7be8bf5f064cb0ef0db10cf5a8d) Importer(2089858483,192608db42251d675da83286b1cce702) (ScriptedImporter) -> (artifact id: '2fbf35c14d851f87be863e75d56d8c4b') in 0.042911 seconds
Number of updated asset objects reloaded before import = 0Number of asset objects unloaded after import = 1

========================================================================
Received Import Request.
  Time since last request: 0.000870 seconds.
  path: Assets/FourEvilDragonsHP/Animations/DragonNightMare/getHit.fbx
  artifactKey: Guid(a640f611148020047b485abcfdbb49cf) Importer(2089858483,192608db42251d675da83286b1cce702)
Start importing Assets/FourEvilDragonsHP/Animations/DragonNightMare/getHit.fbx using Guid(a640f611148020047b485abcfdbb49cf) Importer(2089858483,192608db42251d675da83286b1cce702) (ScriptedImporter) -> (artifact id: 'a38093d0ce02d081b49b6f00f8b8165d') in 0.0925242 seconds
Number of updated asset objects reloaded before import = 0Number of asset objects unloaded after import = 155

========================================================================
Received Import Request.
  Time since last request: 0.000047 seconds.
  path: Assets/FourEvilDragonsHP/Scene/MainScene.unity
  artifactKey: Guid(9977fdcc82a19de47b35835c45b8deb1) Importer(2089858483,192608db42251d675da83286b1cce702)
Start importing Assets/FourEvilDragonsHP/Scene/MainScene.unity using Guid(9977fdcc82a19de47b35835c45b8deb1) Importer(2089858483,192608db42251d675da83286b1cce702) (ScriptedImporter) -> (artifact id: 'defa5b2efe987a6c47c2fe90cca8a432') in 0.0406556 seconds
Number of updated asset objects reloaded before import = 0Number of asset objects unloaded after import = 1

========================================================================
Received Import Request.
  Time since last request: 0.020601 seconds.
  path: Assets/Joystick Pack/Scripts/Editor/FloatingJoystickEditor.cs
  artifactKey: Guid(614d06243900d764f9c50b4da2c950a3) Importer(2089858483,192608db42251d675da83286b1cce702)
Start importing Assets/Joystick Pack/Scripts/Editor/FloatingJoystickEditor.cs using Guid(614d06243900d764f9c50b4da2c950a3) Importer(2089858483,192608db42251d675da83286b1cce702) (ScriptedImporter) -> (artifact id: '9cb851026aa5d2dad0429cf66c8db1a0') in 0.0896988 seconds
Number of updated asset objects reloaded before import = 0Number of asset objects unloaded after import = 0

========================================================================
Received Import Request.
  Time since last request: 0.002034 seconds.
  path: Assets/Joystick Pack/Examples/Ground.mat
  artifactKey: Guid(c569c280f0eb52a49a7b2a6b8b0cbcf8) Importer(2089858483,192608db42251d675da83286b1cce702)
Start importing Assets/Joystick Pack/Examples/Ground.mat using Guid(c569c280f0eb52a49a7b2a6b8b0cbcf8) Importer(2089858483,192608db42251d675da83286b1cce702) (ScriptedImporter) -> (artifact id: 'cb4a49a63da69e3a74f1dfedec066fa4') in 0.1018005 seconds
Number of updated asset objects reloaded before import = 0Number of asset objects unloaded after import = 1

========================================================================
Received Import Request.
  Time since last request: 0.000280 seconds.
  path: Assets/FourEvilDragonsHP/Mesh/DragonTheNightmareMesh.fbx
  artifactKey: Guid(2f4e6492f506bbb4a8aeba850e3bb52f) Importer(2089858483,192608db42251d675da83286b1cce702)
Start importing Assets/FourEvilDragonsHP/Mesh/DragonTheNightmareMesh.fbx using Guid(2f4e6492f506bbb4a8aeba850e3bb52f) Importer(2089858483,192608db42251d675da83286b1cce702) (ScriptedImporter) -> (artifact id: '13c209d0ec969d079b53cd562682e1a5') in 0.1181783 seconds
Number of updated asset objects reloaded before import = 0Number of asset objects unloaded after import = 154

========================================================================
Received Import Request.
  Time since last request: 0.000041 seconds.
  path: Assets/FourEvilDragonsHP/Prefab/DragonTerrorBringer/Blue.prefab
  artifactKey: Guid(20a769104331d8b48ac7d1ea0d49cdf3) Importer(2089858483,192608db42251d675da83286b1cce702)
Start importing Assets/FourEvilDragonsHP/Prefab/DragonTerrorBringer/Blue.prefab using Guid(20a769104331d8b48ac7d1ea0d49cdf3) Importer(2089858483,192608db42251d675da83286b1cce702) (ScriptedImporter) -> (artifact id: '70313a879d3fb4e92d714f4392544b7e') in 0.1113817 seconds
Number of updated asset objects reloaded before import = 0Number of asset objects unloaded after import = 232

========================================================================
Received Import Request.
  Time since last request: 0.000066 seconds.
  path: Assets/FourEvilDragonsHP/Materials/DragonSoulEater/RedHP.mat
  artifactKey: Guid(483bc84e9c06fb74a978565bf66ff42d) Importer(2089858483,192608db42251d675da83286b1cce702)
Start importing Assets/FourEvilDragonsHP/Materials/DragonSoulEater/RedHP.mat using Guid(483bc84e9c06fb74a978565bf66ff42d) Importer(2089858483,192608db42251d675da83286b1cce702) (ScriptedImporter) -> (artifact id: '2f94fe122892da6e7ec166c528706c2b') in 0.1751925 seconds
Number of updated asset objects reloaded before import = 0Number of asset objects unloaded after import = 2

========================================================================
Received Import Request.
  Time since last request: 0.000082 seconds.
  path: Assets/FourEvilDragonsHP/Materials/DragonTerrorBringer/PurpleHP.mat
  artifactKey: Guid(2cc3d51c3b46bec4a95b1cf2d2488afd) Importer(2089858483,192608db42251d675da83286b1cce702)
Start importing Assets/FourEvilDragonsHP/Materials/DragonTerrorBringer/PurpleHP.mat using Guid(2cc3d51c3b46bec4a95b1cf2d2488afd) Importer(2089858483,192608db42251d675da83286b1cce702) (ScriptedImporter) -> (artifact id: '2dbd50eae62b54660467fa2817277095') in 0.1672699 seconds
Number of updated asset objects reloaded before import = 0Number of asset objects unloaded after import = 2

========================================================================
Received Import Request.
  Time since last request: 0.000164 seconds.
  path: Assets/Joystick Pack/Sprites/Vertical Backgrounds/Vertical_Ridged.png
  artifactKey: Guid(08c1fa6351174a9439d97cfc9d3307cc) Importer(2089858483,192608db42251d675da83286b1cce702)
Start importing Assets/Joystick Pack/Sprites/Vertical Backgrounds/Vertical_Ridged.png using Guid(08c1fa6351174a9439d97cfc9d3307cc) Importer(2089858483,192608db42251d675da83286b1cce702) (ScriptedImporter) -> (artifact id: 'edb6e08c2c5efe999d79311de08eed09') in 0.0631463 seconds
Number of updated asset objects reloaded before import = 0Number of asset objects unloaded after import = 3

========================================================================
Received Import Request.
  Time since last request: 0.000074 seconds.
  path: Assets/FourEvilDragonsHP/Texture/DragonUsurper/RedHP.png
  artifactKey: Guid(8afba6e8fe9a67344ab7cb4677d3da0f) Importer(2089858483,192608db42251d675da83286b1cce702)
Start importing Assets/FourEvilDragonsHP/Texture/DragonUsurper/RedHP.png using Guid(8afba6e8fe9a67344ab7cb4677d3da0f) Importer(2089858483,192608db42251d675da83286b1cce702) (ScriptedImporter) -> (artifact id: '3819b7d80309f66da082756fc4854b35') in 0.1849546 seconds
Number of updated asset objects reloaded before import = 0Number of asset objects unloaded after import = 1

========================================================================
Received Import Request.
  Time since last request: 0.000108 seconds.
  path: Assets/Joystick Pack/Sprites/All Axis Backgrounds/AllAxis_Outline_Arrows.png
  artifactKey: Guid(48c0d4d6bebaa934384b07aa1e2f8184) Importer(2089858483,192608db42251d675da83286b1cce702)
Start importing Assets/Joystick Pack/Sprites/All Axis Backgrounds/AllAxis_Outline_Arrows.png using Guid(48c0d4d6bebaa934384b07aa1e2f8184) Importer(2089858483,192608db42251d675da83286b1cce702) (ScriptedImporter) -> (artifact id: 'b59e554e11d7f9d812a392cc276cd1e4') in 0.0505029 seconds
Number of updated asset objects reloaded before import = 0Number of asset objects unloaded after import = 3

========================================================================
Received Import Request.
  Time since last request: 0.000027 seconds.
  path: Assets/FourEvilDragonsHP/Prefab/DragonNightmare/DarkBlue.prefab
  artifactKey: Guid(a3e7850e56f7e2d4a8cb9e150f10c835) Importer(2089858483,192608db42251d675da83286b1cce702)
Start importing Assets/FourEvilDragonsHP/Prefab/DragonNightmare/DarkBlue.prefab using Guid(a3e7850e56f7e2d4a8cb9e150f10c835) Importer(2089858483,192608db42251d675da83286b1cce702) (ScriptedImporter) -> (artifact id: 'f1f740605a925071e13d963336aab414') in 0.0677764 seconds
Number of updated asset objects reloaded before import = 0Number of asset objects unloaded after import = 204

========================================================================
Received Prepare
Refreshing native plugins compatible for Editor in 2.25 ms, found 4 plugins.
Preloading 0 native plugins for Editor in 0.00 ms.
Unloading 8 Unused Serialized files (Serialized files now loaded: 0)
Unloading 15 unused Assets / (1.1 MB). Loaded Objects now: 5149.
Memory consumption went from 90.1 MB to 89.0 MB.
Total: 7.436700 ms (FindLiveObjects: 0.288900 ms CreateObjectMapping: 0.154000 ms MarkObjects: 6.275900 ms  DeleteObjects: 0.716800 ms)

Prepare: number of updated asset objects reloaded= 0
AssetImportParameters requested are different than current active one (requested -> active):
  buildTarget: platform 13, subtarget 0, extendedPlatform 0 -> platform 19, subtarget 2, extendedPlatform 0
  graphicsApiMask: 2099200 -> 4
========================================================================
Received Prepare
Refreshing native plugins compatible for Editor in 2.77 ms, found 4 plugins.
Preloading 0 native plugins for Editor in 0.00 ms.
Unloading 8 Unused Serialized files (Serialized files now loaded: 0)
Unloading 8 unused Assets / (1.1 MB). Loaded Objects now: 5149.
Memory consumption went from 90.1 MB to 89.0 MB.
Total: 8.834900 ms (FindLiveObjects: 0.341700 ms CreateObjectMapping: 0.394700 ms MarkObjects: 6.721500 ms  DeleteObjects: 1.375500 ms)

Prepare: number of updated asset objects reloaded= 0
AssetImportParameters requested are different than current active one (requested -> active):
  buildTarget: platform 13, subtarget 0, extendedPlatform 0 -> platform 19, subtarget 2, extendedPlatform 0
  graphicsApiMask: 2048 -> 4
========================================================================
Received Prepare
Refreshing native plugins compatible for Editor in 4.61 ms, found 4 plugins.
Preloading 0 native plugins for Editor in 0.00 ms.
Unloading 8 Unused Serialized files (Serialized files now loaded: 0)
Unloading 4644 unused Assets / (2.4 MB). Loaded Objects now: 5146.
Memory consumption went from 93.2 MB to 90.8 MB.
Total: 24.591400 ms (FindLiveObjects: 2.546000 ms CreateObjectMapping: 1.716100 ms MarkObjects: 14.584400 ms  DeleteObjects: 5.741600 ms)

Prepare: number of updated asset objects reloaded= 0
========================================================================
Received Prepare
Begin MonoManager ReloadAssembly
- Loaded All Assemblies, in  0.805 seconds
Refreshing native plugins compatible for Editor in 3.32 ms, found 4 plugins.
Native extension for iOS target not found
Native extension for Android target not found
Native extension for WindowsStandalone target not found
[Package Manager] Failed to launch server process. Reason: Unity was launched with the -noUpm command-line argument
[Package Manager] Unable to send message (not connected to server process).
[Package Manager] Cannot connect to Unity Package Manager local server
Mono: successfully reloaded assembly
[Package Manager] Failed to launch server process. Reason: Unity was launched with the -noUpm command-line argument
[Package Manager] Unable to send message (not connected to server process).
[Package Manager] Cannot connect to Unity Package Manager local server
- Finished resetting the current domain, in  0.727 seconds
Domain Reload Profiling: 1532ms
	BeginReloadAssembly (240ms)
		ExecutionOrderSort (0ms)
		DisableScriptedObjects (6ms)
		BackupInstance (0ms)
		ReleaseScriptingObjects (0ms)
		CreateAndSetChildDomain (61ms)
	RebuildCommonClasses (54ms)
	RebuildNativeTypeToScriptingClass (14ms)
	initialDomainReloadingComplete (30ms)
	LoadAllAssembliesAndSetupDomain (467ms)
		LoadAssemblies (375ms)
		RebuildTransferFunctionScriptingTraits (0ms)
		AnalyzeDomain (222ms)
			TypeCache.Refresh (14ms)
				TypeCache.ScanAssembly (1ms)
			BuildScriptInfoCaches (188ms)
			ResolveRequiredComponents (13ms)
	FinalizeReload (727ms)
		ReleaseScriptCaches (0ms)
		RebuildScriptCaches (0ms)
		SetupLoadedEditorAssemblies (582ms)
			LogAssemblyErrors (0ms)
			InitializePlatformSupportModulesInManaged (17ms)
			SetLoadedEditorAssemblies (4ms)
			BeforeProcessingInitializeOnLoad (117ms)
			ProcessInitializeOnLoadAttributes (394ms)
			ProcessInitializeOnLoadMethodAttributes (43ms)
			AfterProcessingInitializeOnLoad (6ms)
			EditorAssembliesLoaded (0ms)
		ExecutionOrderSort2 (0ms)
		AwakeInstancesAfterBackupRestoration (6ms)
Refreshing native plugins compatible for Editor in 2.08 ms, found 4 plugins.
Preloading 0 native plugins for Editor in 0.00 ms.
Unloading 10 Unused Serialized files (Serialized files now loaded: 0)
Unloading 4655 unused Assets / (3.2 MB). Loaded Objects now: 5155.
Memory consumption went from 92.6 MB to 89.4 MB.
Total: 8.431500 ms (FindLiveObjects: 0.579500 ms CreateObjectMapping: 0.429700 ms MarkObjects: 4.411000 ms  DeleteObjects: 3.010000 ms)

Prepare: number of updated asset objects reloaded= 0
========================================================================
Received Prepare
Begin MonoManager ReloadAssembly
- Loaded All Assemblies, in  0.905 seconds
Refreshing native plugins compatible for Editor in 4.59 ms, found 4 plugins.
Native extension for iOS target not found
Native extension for Android target not found
Native extension for WindowsStandalone target not found
[Package Manager] Failed to launch server process. Reason: Unity was launched with the -noUpm command-line argument
[Package Manager] Unable to send message (not connected to server process).
[Package Manager] Cannot connect to Unity Package Manager local server
Mono: successfully reloaded assembly
[Package Manager] Failed to launch server process. Reason: Unity was launched with the -noUpm command-line argument
[Package Manager] Unable to send message (not connected to server process).
[Package Manager] Cannot connect to Unity Package Manager local server
- Finished resetting the current domain, in  0.987 seconds
Domain Reload Profiling: 1890ms
	BeginReloadAssembly (278ms)
		ExecutionOrderSort (0ms)
		DisableScriptedObjects (7ms)
		BackupInstance (0ms)
		ReleaseScriptingObjects (0ms)
		CreateAndSetChildDomain (80ms)
	RebuildCommonClasses (54ms)
	RebuildNativeTypeToScriptingClass (14ms)
	initialDomainReloadingComplete (31ms)
	LoadAllAssembliesAndSetupDomain (525ms)
		LoadAssemblies (429ms)
		RebuildTransferFunctionScriptingTraits (0ms)
		AnalyzeDomain (230ms)
			TypeCache.Refresh (14ms)
				TypeCache.ScanAssembly (1ms)
			BuildScriptInfoCaches (205ms)
			ResolveRequiredComponents (7ms)
	FinalizeReload (987ms)
		ReleaseScriptCaches (0ms)
		RebuildScriptCaches (0ms)
		SetupLoadedEditorAssemblies (797ms)
			LogAssemblyErrors (0ms)
			InitializePlatformSupportModulesInManaged (25ms)
			SetLoadedEditorAssemblies (6ms)
			BeforeProcessingInitializeOnLoad (175ms)
			ProcessInitializeOnLoadAttributes (531ms)
			ProcessInitializeOnLoadMethodAttributes (56ms)
			AfterProcessingInitializeOnLoad (4ms)
			EditorAssembliesLoaded (0ms)
		ExecutionOrderSort2 (0ms)
		AwakeInstancesAfterBackupRestoration (11ms)
Refreshing native plugins compatible for Editor in 5.62 ms, found 4 plugins.
Preloading 0 native plugins for Editor in 0.00 ms.
Unloading 8 Unused Serialized files (Serialized files now loaded: 0)
Unloading 4655 unused Assets / (3.8 MB). Loaded Objects now: 5156.
Memory consumption went from 92.6 MB to 88.8 MB.
Total: 14.790100 ms (FindLiveObjects: 0.850100 ms CreateObjectMapping: 1.147100 ms MarkObjects: 6.824800 ms  DeleteObjects: 5.965000 ms)

Prepare: number of updated asset objects reloaded= 0
========================================================================
Received Import Request.
  Time since last request: 1691.179235 seconds.
  path: Assets/FourEvilDragonsHP/Prefab/DragonTerrorBringer/Green.prefab
  artifactKey: Guid(4e7d7ecd1eafb1746a1fcb020505943c) Importer(815301076,1909f56bfc062723c751e8b465ee728b)
Start importing Assets/FourEvilDragonsHP/Prefab/DragonTerrorBringer/Green.prefab using Guid(4e7d7ecd1eafb1746a1fcb020505943c) Importer(815301076,1909f56bfc062723c751e8b465ee728b) (PreviewImporter) -> (artifact id: '3804c08a9e271a618d5bfc13aada8170') in 0.7430465 seconds
Number of updated asset objects reloaded before import = 0Number of asset objects unloaded after import = 234

========================================================================
Received Import Request.
  Time since last request: 0.000045 seconds.
  path: Assets/FourEvilDragonsHP/Prefab/DragonTerrorBringer/Purple.prefab
  artifactKey: Guid(8e302007cba46d94b970c6a0955b9628) Importer(815301076,1909f56bfc062723c751e8b465ee728b)
Start importing Assets/FourEvilDragonsHP/Prefab/DragonTerrorBringer/Purple.prefab using Guid(8e302007cba46d94b970c6a0955b9628) Importer(815301076,1909f56bfc062723c751e8b465ee728b) (PreviewImporter) -> (artifact id: '953b99b02521f7f95b53c71a1e8407ce') in 0.2631776 seconds
Number of updated asset objects reloaded before import = 0Number of asset objects unloaded after import = 234

========================================================================
Received Prepare
Begin MonoManager ReloadAssembly
- Loaded All Assemblies, in  0.883 seconds
Refreshing native plugins compatible for Editor in 4.35 ms, found 4 plugins.
Native extension for iOS target not found
Native extension for Android target not found
Native extension for WindowsStandalone target not found
[Package Manager] Failed to launch server process. Reason: Unity was launched with the -noUpm command-line argument
[Package Manager] Unable to send message (not connected to server process).
[Package Manager] Cannot connect to Unity Package Manager local server
Mono: successfully reloaded assembly
[Package Manager] Failed to launch server process. Reason: Unity was launched with the -noUpm command-line argument
[Package Manager] Unable to send message (not connected to server process).
[Package Manager] Cannot connect to Unity Package Manager local server
- Finished resetting the current domain, in  1.234 seconds
Domain Reload Profiling: 2117ms
	BeginReloadAssembly (258ms)
		ExecutionOrderSort (0ms)
		DisableScriptedObjects (8ms)
		BackupInstance (0ms)
		ReleaseScriptingObjects (0ms)
		CreateAndSetChildDomain (74ms)
	RebuildCommonClasses (54ms)
	RebuildNativeTypeToScriptingClass (16ms)
	initialDomainReloadingComplete (31ms)
	LoadAllAssembliesAndSetupDomain (524ms)
		LoadAssemblies (412ms)
		RebuildTransferFunctionScriptingTraits (0ms)
		AnalyzeDomain (242ms)
			TypeCache.Refresh (11ms)
				TypeCache.ScanAssembly (0ms)
			BuildScriptInfoCaches (217ms)
			ResolveRequiredComponents (8ms)
	FinalizeReload (1235ms)
		ReleaseScriptCaches (0ms)
		RebuildScriptCaches (0ms)
		SetupLoadedEditorAssemblies (1023ms)
			LogAssemblyErrors (0ms)
			InitializePlatformSupportModulesInManaged (22ms)
			SetLoadedEditorAssemblies (4ms)
			BeforeProcessingInitializeOnLoad (166ms)
			ProcessInitializeOnLoadAttributes (742ms)
			ProcessInitializeOnLoadMethodAttributes (81ms)
			AfterProcessingInitializeOnLoad (8ms)
			EditorAssembliesLoaded (0ms)
		ExecutionOrderSort2 (0ms)
		AwakeInstancesAfterBackupRestoration (19ms)
Refreshing native plugins compatible for Editor in 7.14 ms, found 4 plugins.
Preloading 0 native plugins for Editor in 0.00 ms.
Unloading 8 Unused Serialized files (Serialized files now loaded: 0)
Unloading 4655 unused Assets / (3.3 MB). Loaded Objects now: 5166.
Memory consumption went from 106.6 MB to 103.3 MB.
Total: 17.337600 ms (FindLiveObjects: 0.963600 ms CreateObjectMapping: 1.010700 ms MarkObjects: 10.452600 ms  DeleteObjects: 4.907700 ms)

Prepare: number of updated asset objects reloaded= 0
========================================================================
Received Prepare
Begin MonoManager ReloadAssembly
- Loaded All Assemblies, in  1.066 seconds
Refreshing native plugins compatible for Editor in 3.32 ms, found 4 plugins.
Native extension for iOS target not found
Native extension for Android target not found
Native extension for WindowsStandalone target not found
[Package Manager] Failed to launch server process. Reason: Unity was launched with the -noUpm command-line argument
[Package Manager] Unable to send message (not connected to server process).
[Package Manager] Cannot connect to Unity Package Manager local server
Mono: successfully reloaded assembly
[Package Manager] Failed to launch server process. Reason: Unity was launched with the -noUpm command-line argument
[Package Manager] Unable to send message (not connected to server process).
[Package Manager] Cannot connect to Unity Package Manager local server
- Finished resetting the current domain, in  1.359 seconds
Domain Reload Profiling: 2430ms
	BeginReloadAssembly (303ms)
		ExecutionOrderSort (0ms)
		DisableScriptedObjects (8ms)
		BackupInstance (0ms)
		ReleaseScriptingObjects (0ms)
		CreateAndSetChildDomain (71ms)
	RebuildCommonClasses (58ms)
	RebuildNativeTypeToScriptingClass (21ms)
	initialDomainReloadingComplete (38ms)
	LoadAllAssembliesAndSetupDomain (646ms)
		LoadAssemblies (556ms)
		RebuildTransferFunctionScriptingTraits (0ms)
		AnalyzeDomain (264ms)
			TypeCache.Refresh (12ms)
				TypeCache.ScanAssembly (0ms)
			BuildScriptInfoCaches (236ms)
			ResolveRequiredComponents (11ms)
	FinalizeReload (1363ms)
		ReleaseScriptCaches (0ms)
		RebuildScriptCaches (0ms)
		SetupLoadedEditorAssemblies (1054ms)
			LogAssemblyErrors (0ms)
			InitializePlatformSupportModulesInManaged (26ms)
			SetLoadedEditorAssemblies (6ms)
			BeforeProcessingInitializeOnLoad (157ms)
			ProcessInitializeOnLoadAttributes (741ms)
			ProcessInitializeOnLoadMethodAttributes (85ms)
			AfterProcessingInitializeOnLoad (38ms)
			EditorAssembliesLoaded (1ms)
		ExecutionOrderSort2 (0ms)
		AwakeInstancesAfterBackupRestoration (30ms)
Refreshing native plugins compatible for Editor in 5.42 ms, found 4 plugins.
Preloading 0 native plugins for Editor in 0.00 ms.
Unloading 8 Unused Serialized files (Serialized files now loaded: 0)
Unloading 4655 unused Assets / (3.2 MB). Loaded Objects now: 5167.
Memory consumption went from 106.6 MB to 103.4 MB.
Total: 16.284800 ms (FindLiveObjects: 0.823900 ms CreateObjectMapping: 1.116500 ms MarkObjects: 8.964400 ms  DeleteObjects: 5.377200 ms)

Prepare: number of updated asset objects reloaded= 0
========================================================================
Received Prepare
Refreshing native plugins compatible for Editor in 3.92 ms, found 4 plugins.
Preloading 0 native plugins for Editor in 0.00 ms.
Unloading 8 Unused Serialized files (Serialized files now loaded: 0)
Unloading 4645 unused Assets / (2.5 MB). Loaded Objects now: 5164.
Memory consumption went from 106.7 MB to 104.1 MB.
Total: 13.778400 ms (FindLiveObjects: 0.617000 ms CreateObjectMapping: 1.023000 ms MarkObjects: 9.075800 ms  DeleteObjects: 3.060300 ms)

Prepare: number of updated asset objects reloaded= 0
========================================================================
Received Prepare
Begin MonoManager ReloadAssembly
- Loaded All Assemblies, in  1.061 seconds
Refreshing native plugins compatible for Editor in 3.39 ms, found 4 plugins.
Native extension for iOS target not found
Native extension for Android target not found
Native extension for WindowsStandalone target not found
[Package Manager] Failed to launch server process. Reason: Unity was launched with the -noUpm command-line argument
[Package Manager] Unable to send message (not connected to server process).
[Package Manager] Cannot connect to Unity Package Manager local server
Mono: successfully reloaded assembly
[Package Manager] Failed to launch server process. Reason: Unity was launched with the -noUpm command-line argument
[Package Manager] Unable to send message (not connected to server process).
[Package Manager] Cannot connect to Unity Package Manager local server
- Finished resetting the current domain, in  0.899 seconds
Domain Reload Profiling: 1955ms
	BeginReloadAssembly (280ms)
		ExecutionOrderSort (0ms)
		DisableScriptedObjects (7ms)
		BackupInstance (0ms)
		ReleaseScriptingObjects (0ms)
		CreateAndSetChildDomain (74ms)
	RebuildCommonClasses (57ms)
	RebuildNativeTypeToScriptingClass (22ms)
	initialDomainReloadingComplete (111ms)
	LoadAllAssembliesAndSetupDomain (586ms)
		LoadAssemblies (454ms)
		RebuildTransferFunctionScriptingTraits (0ms)
		AnalyzeDomain (262ms)
			TypeCache.Refresh (13ms)
				TypeCache.ScanAssembly (1ms)
			BuildScriptInfoCaches (225ms)
			ResolveRequiredComponents (15ms)
	FinalizeReload (900ms)
		ReleaseScriptCaches (0ms)
		RebuildScriptCaches (0ms)
		SetupLoadedEditorAssemblies (698ms)
			LogAssemblyErrors (0ms)
			InitializePlatformSupportModulesInManaged (21ms)
			SetLoadedEditorAssemblies (6ms)
			BeforeProcessingInitializeOnLoad (138ms)
			ProcessInitializeOnLoadAttributes (481ms)
			ProcessInitializeOnLoadMethodAttributes (48ms)
			AfterProcessingInitializeOnLoad (4ms)
			EditorAssembliesLoaded (0ms)
		ExecutionOrderSort2 (0ms)
		AwakeInstancesAfterBackupRestoration (10ms)
Refreshing native plugins compatible for Editor in 5.39 ms, found 4 plugins.
Preloading 0 native plugins for Editor in 0.00 ms.
Unloading 8 Unused Serialized files (Serialized files now loaded: 0)
Unloading 4656 unused Assets / (3.2 MB). Loaded Objects now: 5169.
Memory consumption went from 106.5 MB to 103.4 MB.
Total: 10.761100 ms (FindLiveObjects: 0.703200 ms CreateObjectMapping: 1.070600 ms MarkObjects: 5.744800 ms  DeleteObjects: 3.240300 ms)

Prepare: number of updated asset objects reloaded= 0
========================================================================
Received Prepare
Begin MonoManager ReloadAssembly
- Loaded All Assemblies, in  0.896 seconds
Refreshing native plugins compatible for Editor in 3.27 ms, found 4 plugins.
Native extension for iOS target not found
Native extension for Android target not found
Native extension for WindowsStandalone target not found
[Package Manager] Failed to launch server process. Reason: Unity was launched with the -noUpm command-line argument
[Package Manager] Unable to send message (not connected to server process).
[Package Manager] Cannot connect to Unity Package Manager local server
Mono: successfully reloaded assembly
[Package Manager] Failed to launch server process. Reason: Unity was launched with the -noUpm command-line argument
[Package Manager] Unable to send message (not connected to server process).
[Package Manager] Cannot connect to Unity Package Manager local server
- Finished resetting the current domain, in  0.842 seconds
Domain Reload Profiling: 1739ms
	BeginReloadAssembly (280ms)
		ExecutionOrderSort (0ms)
		DisableScriptedObjects (6ms)
		BackupInstance (0ms)
		ReleaseScriptingObjects (0ms)
		CreateAndSetChildDomain (71ms)
	RebuildCommonClasses (46ms)
	RebuildNativeTypeToScriptingClass (15ms)
	initialDomainReloadingComplete (27ms)
	LoadAllAssembliesAndSetupDomain (529ms)
		LoadAssemblies (419ms)
		RebuildTransferFunctionScriptingTraits (0ms)
		AnalyzeDomain (259ms)
			TypeCache.Refresh (19ms)
				TypeCache.ScanAssembly (1ms)
			BuildScriptInfoCaches (219ms)
			ResolveRequiredComponents (14ms)
	FinalizeReload (843ms)
		ReleaseScriptCaches (0ms)
		RebuildScriptCaches (0ms)
		SetupLoadedEditorAssemblies (672ms)
			LogAssemblyErrors (0ms)
			InitializePlatformSupportModulesInManaged (19ms)
			SetLoadedEditorAssemblies (5ms)
			BeforeProcessingInitializeOnLoad (125ms)
			ProcessInitializeOnLoadAttributes (456ms)
			ProcessInitializeOnLoadMethodAttributes (61ms)
			AfterProcessingInitializeOnLoad (5ms)
			EditorAssembliesLoaded (0ms)
		ExecutionOrderSort2 (0ms)
		AwakeInstancesAfterBackupRestoration (12ms)
Refreshing native plugins compatible for Editor in 2.84 ms, found 4 plugins.
Preloading 0 native plugins for Editor in 0.00 ms.
Unloading 8 Unused Serialized files (Serialized files now loaded: 0)
Unloading 4656 unused Assets / (4.1 MB). Loaded Objects now: 5170.
Memory consumption went from 106.5 MB to 102.4 MB.
Total: 11.672000 ms (FindLiveObjects: 0.667800 ms CreateObjectMapping: 0.794700 ms MarkObjects: 5.240900 ms  DeleteObjects: 4.966300 ms)

Prepare: number of updated asset objects reloaded= 0
========================================================================
Received Prepare
Begin MonoManager ReloadAssembly
- Loaded All Assemblies, in  4.085 seconds
Refreshing native plugins compatible for Editor in 4.15 ms, found 4 plugins.
Native extension for iOS target not found
Native extension for Android target not found
Native extension for WindowsStandalone target not found
[Package Manager] Failed to launch server process. Reason: Unity was launched with the -noUpm command-line argument
[Package Manager] Unable to send message (not connected to server process).
[Package Manager] Cannot connect to Unity Package Manager local server
Mono: successfully reloaded assembly
[Package Manager] Failed to launch server process. Reason: Unity was launched with the -noUpm command-line argument
[Package Manager] Unable to send message (not connected to server process).
[Package Manager] Cannot connect to Unity Package Manager local server
- Finished resetting the current domain, in  1.261 seconds
Domain Reload Profiling: 5348ms
	BeginReloadAssembly (275ms)
		ExecutionOrderSort (0ms)
		DisableScriptedObjects (6ms)
		BackupInstance (0ms)
		ReleaseScriptingObjects (0ms)
		CreateAndSetChildDomain (74ms)
	RebuildCommonClasses (68ms)
	RebuildNativeTypeToScriptingClass (23ms)
	initialDomainReloadingComplete (33ms)
	LoadAllAssembliesAndSetupDomain (3689ms)
		LoadAssemblies (3514ms)
		RebuildTransferFunctionScriptingTraits (0ms)
		AnalyzeDomain (321ms)
			TypeCache.Refresh (16ms)
				TypeCache.ScanAssembly (0ms)
			BuildScriptInfoCaches (287ms)
			ResolveRequiredComponents (11ms)
	FinalizeReload (1261ms)
		ReleaseScriptCaches (0ms)
		RebuildScriptCaches (0ms)
		SetupLoadedEditorAssemblies (872ms)
			LogAssemblyErrors (0ms)
			InitializePlatformSupportModulesInManaged (29ms)
			SetLoadedEditorAssemblies (8ms)
			BeforeProcessingInitializeOnLoad (187ms)
			ProcessInitializeOnLoadAttributes (572ms)
			ProcessInitializeOnLoadMethodAttributes (69ms)
			AfterProcessingInitializeOnLoad (6ms)
			EditorAssembliesLoaded (0ms)
		ExecutionOrderSort2 (0ms)
		AwakeInstancesAfterBackupRestoration (17ms)
Refreshing native plugins compatible for Editor in 3.75 ms, found 4 plugins.
Preloading 0 native plugins for Editor in 0.00 ms.
Unloading 8 Unused Serialized files (Serialized files now loaded: 0)
Unloading 4654 unused Assets / (3.3 MB). Loaded Objects now: 5173.
Memory consumption went from 106.6 MB to 103.3 MB.
Total: 14.724000 ms (FindLiveObjects: 2.233300 ms CreateObjectMapping: 0.895600 ms MarkObjects: 6.155800 ms  DeleteObjects: 5.437200 ms)

Prepare: number of updated asset objects reloaded= 0
========================================================================
Received Prepare
Refreshing native plugins compatible for Editor in 8.18 ms, found 4 plugins.
Preloading 0 native plugins for Editor in 0.00 ms.
Unloading 6 Unused Serialized files (Serialized files now loaded: 0)
Unloading 4645 unused Assets / (4.6 MB). Loaded Objects now: 5167.
Memory consumption went from 106.2 MB to 101.6 MB.
Total: 499.779600 ms (FindLiveObjects: 4.226200 ms CreateObjectMapping: 1.221900 ms MarkObjects: 483.600700 ms  DeleteObjects: 10.726600 ms)

Prepare: number of updated asset objects reloaded= 0
========================================================================
Received Prepare
Begin MonoManager ReloadAssembly
- Loaded All Assemblies, in  7.050 seconds
Refreshing native plugins compatible for Editor in 6.92 ms, found 4 plugins.
Native extension for iOS target not found
Native extension for Android target not found
Native extension for WindowsStandalone target not found
[Package Manager] Failed to launch server process. Reason: Unity was launched with the -noUpm command-line argument
[Package Manager] Unable to send message (not connected to server process).
[Package Manager] Cannot connect to Unity Package Manager local server
Mono: successfully reloaded assembly
[Package Manager] Failed to launch server process. Reason: Unity was launched with the -noUpm command-line argument
[Package Manager] Unable to send message (not connected to server process).
[Package Manager] Cannot connect to Unity Package Manager local server
- Finished resetting the current domain, in  1.811 seconds
Domain Reload Profiling: 8864ms
	BeginReloadAssembly (1863ms)
		ExecutionOrderSort (0ms)
		DisableScriptedObjects (59ms)
		BackupInstance (0ms)
		ReleaseScriptingObjects (1ms)
		CreateAndSetChildDomain (740ms)
	RebuildCommonClasses (93ms)
	RebuildNativeTypeToScriptingClass (21ms)
	initialDomainReloadingComplete (64ms)
	LoadAllAssembliesAndSetupDomain (5013ms)
		LoadAssemblies (4604ms)
		RebuildTransferFunctionScriptingTraits (0ms)
		AnalyzeDomain (1154ms)
			TypeCache.Refresh (92ms)
				TypeCache.ScanAssembly (6ms)
			BuildScriptInfoCaches (1031ms)
			ResolveRequiredComponents (17ms)
	FinalizeReload (1811ms)
		ReleaseScriptCaches (0ms)
		RebuildScriptCaches (0ms)
		SetupLoadedEditorAssemblies (1482ms)
			LogAssemblyErrors (0ms)
			InitializePlatformSupportModulesInManaged (31ms)
			SetLoadedEditorAssemblies (11ms)
			BeforeProcessingInitializeOnLoad (476ms)
			ProcessInitializeOnLoadAttributes (890ms)
			ProcessInitializeOnLoadMethodAttributes (67ms)
			AfterProcessingInitializeOnLoad (7ms)
			EditorAssembliesLoaded (1ms)
		ExecutionOrderSort2 (0ms)
		AwakeInstancesAfterBackupRestoration (15ms)
Refreshing native plugins compatible for Editor in 4.33 ms, found 4 plugins.
Preloading 0 native plugins for Editor in 0.00 ms.
Unloading 8 Unused Serialized files (Serialized files now loaded: 0)
Unloading 4656 unused Assets / (3.4 MB). Loaded Objects now: 5172.
Memory consumption went from 106.6 MB to 103.2 MB.
Total: 11.677200 ms (FindLiveObjects: 0.686300 ms CreateObjectMapping: 0.551600 ms MarkObjects: 6.095300 ms  DeleteObjects: 4.340700 ms)

Prepare: number of updated asset objects reloaded= 0
========================================================================
Received Prepare
Begin MonoManager ReloadAssembly
- Loaded All Assemblies, in  1.004 seconds
Refreshing native plugins compatible for Editor in 4.10 ms, found 4 plugins.
Native extension for iOS target not found
Native extension for Android target not found
Native extension for WindowsStandalone target not found
[Package Manager] Failed to launch server process. Reason: Unity was launched with the -noUpm command-line argument
[Package Manager] Unable to send message (not connected to server process).
[Package Manager] Cannot connect to Unity Package Manager local server
Mono: successfully reloaded assembly
[Package Manager] Failed to launch server process. Reason: Unity was launched with the -noUpm command-line argument
[Package Manager] Unable to send message (not connected to server process).
[Package Manager] Cannot connect to Unity Package Manager local server
- Finished resetting the current domain, in  0.951 seconds
Domain Reload Profiling: 1954ms
	BeginReloadAssembly (303ms)
		ExecutionOrderSort (0ms)
		DisableScriptedObjects (11ms)
		BackupInstance (0ms)
		ReleaseScriptingObjects (0ms)
		CreateAndSetChildDomain (87ms)
	RebuildCommonClasses (51ms)
	RebuildNativeTypeToScriptingClass (21ms)
	initialDomainReloadingComplete (28ms)
	LoadAllAssembliesAndSetupDomain (600ms)
		LoadAssemblies (504ms)
		RebuildTransferFunctionScriptingTraits (0ms)
		AnalyzeDomain (239ms)
			TypeCache.Refresh (15ms)
				TypeCache.ScanAssembly (1ms)
			BuildScriptInfoCaches (211ms)
			ResolveRequiredComponents (8ms)
	FinalizeReload (951ms)
		ReleaseScriptCaches (0ms)
		RebuildScriptCaches (0ms)
		SetupLoadedEditorAssemblies (776ms)
			LogAssemblyErrors (0ms)
			InitializePlatformSupportModulesInManaged (20ms)
			SetLoadedEditorAssemblies (7ms)
			BeforeProcessingInitializeOnLoad (150ms)
			ProcessInitializeOnLoadAttributes (540ms)
			ProcessInitializeOnLoadMethodAttributes (55ms)
			AfterProcessingInitializeOnLoad (5ms)
			EditorAssembliesLoaded (0ms)
		ExecutionOrderSort2 (0ms)
		AwakeInstancesAfterBackupRestoration (8ms)
Refreshing native plugins compatible for Editor in 3.32 ms, found 4 plugins.
Preloading 0 native plugins for Editor in 0.00 ms.
Unloading 8 Unused Serialized files (Serialized files now loaded: 0)
Unloading 4656 unused Assets / (3.3 MB). Loaded Objects now: 5173.
Memory consumption went from 106.6 MB to 103.3 MB.
Total: 9.618200 ms (FindLiveObjects: 0.730700 ms CreateObjectMapping: 1.051400 ms MarkObjects: 5.000800 ms  DeleteObjects: 2.833700 ms)

Prepare: number of updated asset objects reloaded= 0
========================================================================
Received Prepare
Begin MonoManager ReloadAssembly
- Loaded All Assemblies, in  0.950 seconds
Refreshing native plugins compatible for Editor in 3.30 ms, found 4 plugins.
Native extension for iOS target not found
Native extension for Android target not found
Native extension for WindowsStandalone target not found
[Package Manager] Failed to launch server process. Reason: Unity was launched with the -noUpm command-line argument
[Package Manager] Unable to send message (not connected to server process).
[Package Manager] Cannot connect to Unity Package Manager local server
Mono: successfully reloaded assembly
[Package Manager] Failed to launch server process. Reason: Unity was launched with the -noUpm command-line argument
[Package Manager] Unable to send message (not connected to server process).
[Package Manager] Cannot connect to Unity Package Manager local server
- Finished resetting the current domain, in  0.822 seconds
Domain Reload Profiling: 1771ms
	BeginReloadAssembly (246ms)
		ExecutionOrderSort (0ms)
		DisableScriptedObjects (5ms)
		BackupInstance (0ms)
		ReleaseScriptingObjects (0ms)
		CreateAndSetChildDomain (65ms)
	RebuildCommonClasses (84ms)
	RebuildNativeTypeToScriptingClass (23ms)
	initialDomainReloadingComplete (47ms)
	LoadAllAssembliesAndSetupDomain (546ms)
		LoadAssemblies (405ms)
		RebuildTransferFunctionScriptingTraits (0ms)
		AnalyzeDomain (269ms)
			TypeCache.Refresh (7ms)
				TypeCache.ScanAssembly (0ms)
			BuildScriptInfoCaches (246ms)
			ResolveRequiredComponents (10ms)
	FinalizeReload (824ms)
		ReleaseScriptCaches (0ms)
		RebuildScriptCaches (0ms)
		SetupLoadedEditorAssemblies (630ms)
			LogAssemblyErrors (0ms)
			InitializePlatformSupportModulesInManaged (21ms)
			SetLoadedEditorAssemblies (4ms)
			BeforeProcessingInitializeOnLoad (129ms)
			ProcessInitializeOnLoadAttributes (412ms)
			ProcessInitializeOnLoadMethodAttributes (56ms)
			AfterProcessingInitializeOnLoad (8ms)
			EditorAssembliesLoaded (0ms)
		ExecutionOrderSort2 (0ms)
		AwakeInstancesAfterBackupRestoration (12ms)
Refreshing native plugins compatible for Editor in 6.63 ms, found 4 plugins.
Preloading 0 native plugins for Editor in 0.00 ms.
Unloading 8 Unused Serialized files (Serialized files now loaded: 0)
Unloading 4656 unused Assets / (3.2 MB). Loaded Objects now: 5174.
Memory consumption went from 106.6 MB to 103.4 MB.
Total: 13.206300 ms (FindLiveObjects: 0.610000 ms CreateObjectMapping: 0.421900 ms MarkObjects: 7.627700 ms  DeleteObjects: 4.544700 ms)

Prepare: number of updated asset objects reloaded= 0
