Using pre-set license
Built from '6000.0/release' branch; Version is '6000.0.35f1 (9a3bc604008a) revision 10107846'; Using compiler version '193933523'; Build Type 'Release'
OS: 'Windows 11  (10.0.22631) 64bit Professional' Language: 'en' Physical Memory: 16112 MB
BatchMode: 1, IsHumanControllingUs: 0, StartBugReporterOnCrash: 0, Is64bit: 1, IsPro: 1

COMMAND LINE ARGUMENTS:
C:\Program Files\Unity\Hub\Editor\6000.0.35f1\Editor\Unity.exe
-adb2
-batchMode
-noUpm
-name
AssetImportWorker0
-projectPath
C:/Users/Francis/Dragons
-logFile
Logs/AssetImportWorker0.log
-srvPort
51308
-job-worker-count
3
-background-job-worker-count
8
-gc-helper-count
1
Successfully changed project path to: C:/Users/Francis/Dragons
C:/Users/Francis/Dragons
[UnityMemory] Configuration Parameters - Can be set up in boot.config
    "memorysetup-bucket-allocator-granularity=16"
    "memorysetup-bucket-allocator-bucket-count=8"
    "memorysetup-bucket-allocator-block-size=33554432"
    "memorysetup-bucket-allocator-block-count=8"
    "memorysetup-main-allocator-block-size=16777216"
    "memorysetup-thread-allocator-block-size=16777216"
    "memorysetup-gfx-main-allocator-block-size=16777216"
    "memorysetup-gfx-thread-allocator-block-size=16777216"
    "memorysetup-cache-allocator-block-size=4194304"
    "memorysetup-typetree-allocator-block-size=2097152"
    "memorysetup-profiler-bucket-allocator-granularity=16"
    "memorysetup-profiler-bucket-allocator-bucket-count=8"
    "memorysetup-profiler-bucket-allocator-block-size=33554432"
    "memorysetup-profiler-bucket-allocator-block-count=8"
    "memorysetup-profiler-allocator-block-size=16777216"
    "memorysetup-profiler-editor-allocator-block-size=1048576"
    "memorysetup-temp-allocator-size-main=16777216"
    "memorysetup-job-temp-allocator-block-size=2097152"
    "memorysetup-job-temp-allocator-block-size-background=1048576"
    "memorysetup-job-temp-allocator-reduction-small-platforms=262144"
    "memorysetup-allocator-temp-initial-block-size-main=262144"
    "memorysetup-allocator-temp-initial-block-size-worker=262144"
    "memorysetup-temp-allocator-size-background-worker=32768"
    "memorysetup-temp-allocator-size-job-worker=262144"
    "memorysetup-temp-allocator-size-preload-manager=33554432"
    "memorysetup-temp-allocator-size-nav-mesh-worker=65536"
    "memorysetup-temp-allocator-size-audio-worker=65536"
    "memorysetup-temp-allocator-size-cloud-worker=32768"
    "memorysetup-temp-allocator-size-gi-baking-worker=262144"
    "memorysetup-temp-allocator-size-gi-baking-worker=262144"
    "memorysetup-temp-allocator-size-gi-baking-worker=262144"
    "memorysetup-temp-allocator-size-gi-baking-worker=262144"
    "memorysetup-temp-allocator-size-gi-baking-worker=262144"
    "memorysetup-temp-allocator-size-gfx=262144"
Player connection [3560]  Target information:

Player connection [3560]  * "[IP] 192.168.1.200 [Port] 0 [Flags] 2 [Guid] 859835455 [EditorId] 859835455 [Version] 1048832 [Id] WindowsEditor(7,DESKTOP-3F5TMG9) [Debug] 1 [PackageName] WindowsEditor [ProjectName] Editor" 

Player connection [3560] Host joined multi-casting on [225.0.0.222:54997]...
Player connection [3560] Host joined alternative multi-casting on [225.0.0.222:34997]...
JobSystem: Creating JobQueue using job-worker-count value 3
Input System module state changed to: Initialized.
[Physics::Module] Initialized fallback backend.
[Physics::Module] Id: 0xdecafbad
Library Redirect Path: Library/
[Physics::Module] Selected backend.
[Physics::Module] Name: PhysX
[Physics::Module] Id: 0xf2b8ea05
[Physics::Module] SDK Version: 4.1.2
[Physics::Module] Integration Version: 1.0.0
[Physics::Module] Threading Mode: Multi-Threaded
Refreshing native plugins compatible for Editor in 6.87 ms, found 4 plugins.
Preloading 0 native plugins for Editor in 0.00 ms.
Initialize engine version: 6000.0.35f1 (9a3bc604008a)
[Subsystems] Discovering subsystems at path C:/Program Files/Unity/Hub/Editor/6000.0.35f1/Editor/Data/Resources/UnitySubsystems
[Subsystems] Discovering subsystems at path C:/Users/Francis/Dragons/Assets
GfxDevice: creating device client; kGfxThreadingModeNonThreaded
Direct3D:
    Version:  Direct3D 11.0 [level 11.1]
    Renderer: Intel(R) Iris(R) Xe Graphics (ID=0x9a49)
    Vendor:   Intel
    VRAM:     8056 MB
    Driver:   32.0.101.6314
Initialize mono
Mono path[0] = 'C:/Program Files/Unity/Hub/Editor/6000.0.35f1/Editor/Data/Managed'
Mono path[1] = 'C:/Program Files/Unity/Hub/Editor/6000.0.35f1/Editor/Data/MonoBleedingEdge/lib/mono/unityjit-win32'
Mono config path = 'C:/Program Files/Unity/Hub/Editor/6000.0.35f1/Editor/Data/MonoBleedingEdge/etc'
Using monoOptions --debugger-agent=transport=dt_socket,embedding=1,server=y,suspend=n,address=127.0.0.1:56316
Begin MonoManager ReloadAssembly
Registering precompiled unity dll's ...
Register platform support module: C:/Program Files/Unity/Hub/Editor/6000.0.35f1/Editor/Data/PlaybackEngines/WindowsStandaloneSupport/UnityEditor.WindowsStandalone.Extensions.dll
Register platform support module: C:/Program Files/Unity/Hub/Editor/6000.0.35f1/Editor/Data/PlaybackEngines/AndroidPlayer/UnityEditor.Android.Extensions.dll
Register platform support module: C:/Program Files/Unity/Hub/Editor/6000.0.35f1/Editor/Data/PlaybackEngines/iOSSupport/UnityEditor.iOS.Extensions.dll
Registered in 0.006682 seconds.
- Loaded All Assemblies, in  0.622 seconds
[usbmuxd] Start listen thread
[usbmuxd] Listen thread started
[usbmuxd] Send listen message
Native extension for iOS target not found
Native extension for Android target not found
Android Extension - Scanning For ADB Devices 414 ms
Native extension for WindowsStandalone target not found
Mono: successfully reloaded assembly
- Finished resetting the current domain, in  1.088 seconds
Domain Reload Profiling: 1707ms
	BeginReloadAssembly (210ms)
		ExecutionOrderSort (0ms)
		DisableScriptedObjects (0ms)
		BackupInstance (0ms)
		ReleaseScriptingObjects (0ms)
		CreateAndSetChildDomain (1ms)
	RebuildCommonClasses (53ms)
	RebuildNativeTypeToScriptingClass (16ms)
	initialDomainReloadingComplete (69ms)
	LoadAllAssembliesAndSetupDomain (270ms)
		LoadAssemblies (208ms)
		RebuildTransferFunctionScriptingTraits (0ms)
		AnalyzeDomain (263ms)
			TypeCache.Refresh (261ms)
				TypeCache.ScanAssembly (239ms)
			BuildScriptInfoCaches (0ms)
			ResolveRequiredComponents (1ms)
	FinalizeReload (1089ms)
		ReleaseScriptCaches (0ms)
		RebuildScriptCaches (0ms)
		SetupLoadedEditorAssemblies (1009ms)
			LogAssemblyErrors (0ms)
			InitializePlatformSupportModulesInManaged (569ms)
			SetLoadedEditorAssemblies (6ms)
			BeforeProcessingInitializeOnLoad (95ms)
			ProcessInitializeOnLoadAttributes (224ms)
			ProcessInitializeOnLoadMethodAttributes (115ms)
			AfterProcessingInitializeOnLoad (0ms)
			EditorAssembliesLoaded (0ms)
		ExecutionOrderSort2 (0ms)
		AwakeInstancesAfterBackupRestoration (0ms)
========================================================================
Worker process is ready to serve import requests
Import Worker Mode flag is 0x00
Begin MonoManager ReloadAssembly
- Loaded All Assemblies, in  1.147 seconds
Refreshing native plugins compatible for Editor in 3.41 ms, found 4 plugins.
Native extension for iOS target not found
Native extension for Android target not found
Native extension for WindowsStandalone target not found
Package Manager log level set to [2]
[Package Manager] Failed to launch server process. Reason: Unity was launched with the -noUpm command-line argument
[Package Manager] Unable to send message (not connected to server process).
[Package Manager] Cannot connect to Unity Package Manager local server
Mono: successfully reloaded assembly
[Package Manager] Failed to launch server process. Reason: Unity was launched with the -noUpm command-line argument
[Package Manager] Unable to send message (not connected to server process).
[Package Manager] Cannot connect to Unity Package Manager local server
[Package Manager] Failed to launch server process. Reason: Unity was launched with the -noUpm command-line argument
[Package Manager] Unable to send message (not connected to server process).
[Package Manager] Cannot connect to Unity Package Manager local server
- Finished resetting the current domain, in  0.946 seconds
Domain Reload Profiling: 2088ms
	BeginReloadAssembly (275ms)
		ExecutionOrderSort (0ms)
		DisableScriptedObjects (9ms)
		BackupInstance (0ms)
		ReleaseScriptingObjects (0ms)
		CreateAndSetChildDomain (56ms)
	RebuildCommonClasses (57ms)
	RebuildNativeTypeToScriptingClass (17ms)
	initialDomainReloadingComplete (61ms)
	LoadAllAssembliesAndSetupDomain (733ms)
		LoadAssemblies (507ms)
		RebuildTransferFunctionScriptingTraits (0ms)
		AnalyzeDomain (390ms)
			TypeCache.Refresh (274ms)
				TypeCache.ScanAssembly (246ms)
			BuildScriptInfoCaches (98ms)
			ResolveRequiredComponents (14ms)
	FinalizeReload (947ms)
		ReleaseScriptCaches (0ms)
		RebuildScriptCaches (0ms)
		SetupLoadedEditorAssemblies (758ms)
			LogAssemblyErrors (0ms)
			InitializePlatformSupportModulesInManaged (26ms)
			SetLoadedEditorAssemblies (4ms)
			BeforeProcessingInitializeOnLoad (163ms)
			ProcessInitializeOnLoadAttributes (511ms)
			ProcessInitializeOnLoadMethodAttributes (48ms)
			AfterProcessingInitializeOnLoad (6ms)
			EditorAssembliesLoaded (0ms)
		ExecutionOrderSort2 (0ms)
		AwakeInstancesAfterBackupRestoration (6ms)
Launched and connected shader compiler UnityShaderCompiler.exe after 0.02 seconds
Refreshing native plugins compatible for Editor in 3.22 ms, found 4 plugins.
Preloading 0 native plugins for Editor in 0.00 ms.
Unloading 22 Unused Serialized files (Serialized files now loaded: 0)
Unloading 4656 unused Assets / (2.5 MB). Loaded Objects now: 5144.
Memory consumption went from 93.3 MB to 90.7 MB.
Total: 11.390600 ms (FindLiveObjects: 1.030800 ms CreateObjectMapping: 0.794900 ms MarkObjects: 6.517400 ms  DeleteObjects: 3.045000 ms)

========================================================================
Received Import Request.
  Time since last request: 5045.302742 seconds.
  path: Assets/InputSystem_Actions.inputactions
  artifactKey: Guid(289c1b55c9541489481df5cc06664110) Importer(815301076,1909f56bfc062723c751e8b465ee728b)
Start importing Assets/InputSystem_Actions.inputactions using Guid(289c1b55c9541489481df5cc06664110) Importer(815301076,1909f56bfc062723c751e8b465ee728b) (PreviewImporter) -> (artifact id: 'e7e9e64a58fecfdcde77304e1331e7f3') in 0.0343415 seconds
Number of updated asset objects reloaded before import = 0Number of asset objects unloaded after import = 20

========================================================================
Received Import Request.
  Time since last request: 13.200502 seconds.
  path: Assets/stormborn.jpg
  artifactKey: Guid(f0ac219b66583e54c94c8fc9ba1e417b) Importer(815301076,1909f56bfc062723c751e8b465ee728b)
Start importing Assets/stormborn.jpg using Guid(f0ac219b66583e54c94c8fc9ba1e417b) Importer(815301076,1909f56bfc062723c751e8b465ee728b) (PreviewImporter) -> (artifact id: '6cbb493d33fed45d13fc8e80b5d97149') in 0.0800431 seconds
Number of updated asset objects reloaded before import = 0Number of asset objects unloaded after import = 2

========================================================================
Received Prepare
Refreshing native plugins compatible for Editor in 4.92 ms, found 4 plugins.
Preloading 0 native plugins for Editor in 0.00 ms.
Unloading 8 Unused Serialized files (Serialized files now loaded: 0)
Unloading 8 unused Assets / (1.0 MB). Loaded Objects now: 5149.
Memory consumption went from 86.3 MB to 85.3 MB.
Total: 10.083700 ms (FindLiveObjects: 0.637600 ms CreateObjectMapping: 0.487400 ms MarkObjects: 7.963100 ms  DeleteObjects: 0.993700 ms)

Prepare: number of updated asset objects reloaded= 0
AssetImportParameters requested are different than current active one (requested -> active):
  buildTarget: platform 13, subtarget 0, extendedPlatform 0 -> platform 19, subtarget 2, extendedPlatform 0
  graphicsApiMask: 2099200 -> 4
========================================================================
Received Prepare
Refreshing native plugins compatible for Editor in 3.55 ms, found 4 plugins.
Preloading 0 native plugins for Editor in 0.00 ms.
Unloading 8 Unused Serialized files (Serialized files now loaded: 0)
Unloading 8 unused Assets / (1.0 MB). Loaded Objects now: 5149.
Memory consumption went from 86.3 MB to 85.3 MB.
Total: 9.453500 ms (FindLiveObjects: 0.325800 ms CreateObjectMapping: 0.215900 ms MarkObjects: 7.915000 ms  DeleteObjects: 0.994500 ms)

Prepare: number of updated asset objects reloaded= 0
AssetImportParameters requested are different than current active one (requested -> active):
  buildTarget: platform 13, subtarget 0, extendedPlatform 0 -> platform 19, subtarget 2, extendedPlatform 0
  graphicsApiMask: 2099200 -> 4
========================================================================
Received Import Request.
  Time since last request: 79.945955 seconds.
  path: Assets/stormborn.jpg
  artifactKey: Guid(f0ac219b66583e54c94c8fc9ba1e417b) Importer(815301076,1909f56bfc062723c751e8b465ee728b)
Start importing Assets/stormborn.jpg using Guid(f0ac219b66583e54c94c8fc9ba1e417b) Importer(815301076,1909f56bfc062723c751e8b465ee728b) (PreviewImporter) -> (artifact id: '79b1617084828dbdfb151c07b7d70e8b') in 0.7248043 seconds
Number of updated asset objects reloaded before import = 0Number of asset objects unloaded after import = 2

========================================================================
Received Prepare
Begin MonoManager ReloadAssembly
- Loaded All Assemblies, in  1.009 seconds
Refreshing native plugins compatible for Editor in 2.81 ms, found 4 plugins.
Native extension for iOS target not found
Native extension for Android target not found
Native extension for WindowsStandalone target not found
[Package Manager] Failed to launch server process. Reason: Unity was launched with the -noUpm command-line argument
[Package Manager] Unable to send message (not connected to server process).
[Package Manager] Cannot connect to Unity Package Manager local server
Mono: successfully reloaded assembly
[Package Manager] Failed to launch server process. Reason: Unity was launched with the -noUpm command-line argument
[Package Manager] Unable to send message (not connected to server process).
[Package Manager] Cannot connect to Unity Package Manager local server
- Finished resetting the current domain, in  1.070 seconds
Domain Reload Profiling: 2080ms
	BeginReloadAssembly (295ms)
		ExecutionOrderSort (0ms)
		DisableScriptedObjects (10ms)
		BackupInstance (0ms)
		ReleaseScriptingObjects (0ms)
		CreateAndSetChildDomain (78ms)
	RebuildCommonClasses (53ms)
	RebuildNativeTypeToScriptingClass (28ms)
	initialDomainReloadingComplete (41ms)
	LoadAllAssembliesAndSetupDomain (593ms)
		LoadAssemblies (441ms)
		RebuildTransferFunctionScriptingTraits (0ms)
		AnalyzeDomain (300ms)
			TypeCache.Refresh (129ms)
				TypeCache.ScanAssembly (113ms)
			BuildScriptInfoCaches (156ms)
			ResolveRequiredComponents (10ms)
	FinalizeReload (1070ms)
		ReleaseScriptCaches (0ms)
		RebuildScriptCaches (0ms)
		SetupLoadedEditorAssemblies (900ms)
			LogAssemblyErrors (0ms)
			InitializePlatformSupportModulesInManaged (22ms)
			SetLoadedEditorAssemblies (4ms)
			BeforeProcessingInitializeOnLoad (162ms)
			ProcessInitializeOnLoadAttributes (651ms)
			ProcessInitializeOnLoadMethodAttributes (51ms)
			AfterProcessingInitializeOnLoad (10ms)
			EditorAssembliesLoaded (0ms)
		ExecutionOrderSort2 (0ms)
		AwakeInstancesAfterBackupRestoration (7ms)
Refreshing native plugins compatible for Editor in 2.80 ms, found 4 plugins.
Preloading 0 native plugins for Editor in 0.00 ms.
Unloading 9 Unused Serialized files (Serialized files now loaded: 0)
Unloading 4654 unused Assets / (2.9 MB). Loaded Objects now: 5151.
Memory consumption went from 101.8 MB to 98.9 MB.
Total: 9.064900 ms (FindLiveObjects: 0.627900 ms CreateObjectMapping: 0.468400 ms MarkObjects: 5.159500 ms  DeleteObjects: 2.807200 ms)

Prepare: number of updated asset objects reloaded= 0
AssetImportParameters requested are different than current active one (requested -> active):
  buildTarget: platform 13, subtarget 0, extendedPlatform 0 -> platform 19, subtarget 2, extendedPlatform 0
  graphicsApiMask: 2099200 -> 4
========================================================================
Received Import Request.
  Time since last request: 38.345319 seconds.
  path: Assets/InputSystem_Actions.inputactions
  artifactKey: Guid(289c1b55c9541489481df5cc06664110) Importer(2089858483,192608db42251d675da83286b1cce702)
Start importing Assets/InputSystem_Actions.inputactions using Guid(289c1b55c9541489481df5cc06664110) Importer(2089858483,192608db42251d675da83286b1cce702) (ScriptedImporter) -> (artifact id: '2257b1f9f1fbe383fd924598e974c593') in 0.3866243 seconds
Number of updated asset objects reloaded before import = 0Number of asset objects unloaded after import = 21

========================================================================
Received Import Request.
  Time since last request: 0.000027 seconds.
  path: Assets/FourEvilDragonsHP/Animations/DragonNightMare/Claw Attack.fbx
  artifactKey: Guid(a8d68f882ac2f2f48982204cc9c22f27) Importer(2089858483,192608db42251d675da83286b1cce702)
Start importing Assets/FourEvilDragonsHP/Animations/DragonNightMare/Claw Attack.fbx using Guid(a8d68f882ac2f2f48982204cc9c22f27) Importer(2089858483,192608db42251d675da83286b1cce702) (ScriptedImporter) -> (artifact id: 'e05da13f7615d0d94aeb011e5ecc0f85') in 0.138102 seconds
Number of updated asset objects reloaded before import = 0Number of asset objects unloaded after import = 155

========================================================================
Received Import Request.
  Time since last request: 0.000053 seconds.
  path: Assets/FourEvilDragonsHP/Animations/DragonSoulEater/Basic Attack.fbx
  artifactKey: Guid(5d9efb65c776b714fb5123711f07de0c) Importer(2089858483,192608db42251d675da83286b1cce702)
Start importing Assets/FourEvilDragonsHP/Animations/DragonSoulEater/Basic Attack.fbx using Guid(5d9efb65c776b714fb5123711f07de0c) Importer(2089858483,192608db42251d675da83286b1cce702) (ScriptedImporter) -> (artifact id: '4d12423069782153b35cf24dd3d62704') in 0.0605898 seconds
Number of updated asset objects reloaded before import = 0Number of asset objects unloaded after import = 133

========================================================================
Received Import Request.
  Time since last request: 0.000472 seconds.
  path: Assets/FourEvilDragonsHP/Animations/DragonSoulEater/Tail Attack.fbx
  artifactKey: Guid(1e32448c0eb5bdb45b3a576fb8011df0) Importer(2089858483,192608db42251d675da83286b1cce702)
Start importing Assets/FourEvilDragonsHP/Animations/DragonSoulEater/Tail Attack.fbx using Guid(1e32448c0eb5bdb45b3a576fb8011df0) Importer(2089858483,192608db42251d675da83286b1cce702) (ScriptedImporter) -> (artifact id: 'e11015469e9df2dfa1b5f038f03f1f60') in 0.0726358 seconds
Number of updated asset objects reloaded before import = 0Number of asset objects unloaded after import = 133

========================================================================
Received Import Request.
  Time since last request: 0.000028 seconds.
  path: Assets/FourEvilDragonsHP/Animations/DragonSoulEater/Fly Glide.fbx
  artifactKey: Guid(28a39de94def6c84ca4b447fa78a3a66) Importer(2089858483,192608db42251d675da83286b1cce702)
Start importing Assets/FourEvilDragonsHP/Animations/DragonSoulEater/Fly Glide.fbx using Guid(28a39de94def6c84ca4b447fa78a3a66) Importer(2089858483,192608db42251d675da83286b1cce702) (ScriptedImporter) -> (artifact id: 'b36c78906acf638952def4acb37257fc') in 0.0630254 seconds
Number of updated asset objects reloaded before import = 0Number of asset objects unloaded after import = 133

========================================================================
Received Import Request.
  Time since last request: 0.000041 seconds.
  path: Assets/FourEvilDragonsHP/Animations/DragonTerrorBringer/TakeOff.fbx
  artifactKey: Guid(2881cf760574bd24280f47207b567e43) Importer(2089858483,192608db42251d675da83286b1cce702)
Start importing Assets/FourEvilDragonsHP/Animations/DragonTerrorBringer/TakeOff.fbx using Guid(2881cf760574bd24280f47207b567e43) Importer(2089858483,192608db42251d675da83286b1cce702) (ScriptedImporter) -> (artifact id: '1b08727379ff751d86be73aaf2782d94') in 0.0708009 seconds
Number of updated asset objects reloaded before import = 0Number of asset objects unloaded after import = 177

========================================================================
Received Import Request.
  Time since last request: 0.000056 seconds.
  path: Assets/Joystick Pack/Documentaion.pdf
  artifactKey: Guid(cfa813ed406827e43b967abd54ab5b9a) Importer(2089858483,192608db42251d675da83286b1cce702)
Start importing Assets/Joystick Pack/Documentaion.pdf using Guid(cfa813ed406827e43b967abd54ab5b9a) Importer(2089858483,192608db42251d675da83286b1cce702) (ScriptedImporter) -> (artifact id: '70ae1d1d365601820dae34f515559dc6') in 0.037447 seconds
Number of updated asset objects reloaded before import = 0Number of asset objects unloaded after import = 1

========================================================================
Received Import Request.
  Time since last request: 0.000055 seconds.
  path: Assets/FourEvilDragonsHP/Mesh/DragonSoulEaterMesh.fbx
  artifactKey: Guid(063e65bf9ea59ea44bb459f4b7490fd3) Importer(2089858483,192608db42251d675da83286b1cce702)
Start importing Assets/FourEvilDragonsHP/Mesh/DragonSoulEaterMesh.fbx using Guid(063e65bf9ea59ea44bb459f4b7490fd3) Importer(2089858483,192608db42251d675da83286b1cce702) (ScriptedImporter) -> (artifact id: 'f8def24511b96158189a8ced45750ef2') in 0.0681881 seconds
Number of updated asset objects reloaded before import = 0Number of asset objects unloaded after import = 132

========================================================================
Received Import Request.
  Time since last request: 0.000060 seconds.
  path: Assets/FourEvilDragonsHP/Animations/DragonSoulEater/Fly Fireball Shoot.fbx
  artifactKey: Guid(37760f0079ba2124cb0198d37570b625) Importer(2089858483,192608db42251d675da83286b1cce702)
Start importing Assets/FourEvilDragonsHP/Animations/DragonSoulEater/Fly Fireball Shoot.fbx using Guid(37760f0079ba2124cb0198d37570b625) Importer(2089858483,192608db42251d675da83286b1cce702) (ScriptedImporter) -> (artifact id: '197773153fe76f318438e2552f7a89fd') in 0.0703633 seconds
Number of updated asset objects reloaded before import = 0Number of asset objects unloaded after import = 133

========================================================================
Received Import Request.
  Time since last request: 0.000038 seconds.
  path: Assets/Joystick Pack/Examples/Example Scene.unity
  artifactKey: Guid(414bddd31c5ea4f4c9f5d1452e5bbb41) Importer(2089858483,192608db42251d675da83286b1cce702)
Start importing Assets/Joystick Pack/Examples/Example Scene.unity using Guid(414bddd31c5ea4f4c9f5d1452e5bbb41) Importer(2089858483,192608db42251d675da83286b1cce702) (ScriptedImporter) -> (artifact id: '79b88e129903ed545eea01b9e0437d35') in 0.0402911 seconds
Number of updated asset objects reloaded before import = 0Number of asset objects unloaded after import = 1

========================================================================
Received Import Request.
  Time since last request: 0.000105 seconds.
  path: Assets/FourEvilDragonsHP/Animations/DragonUsurper/takeOff.fbx
  artifactKey: Guid(8d407c572ffcdd64a8093245d978392e) Importer(2089858483,192608db42251d675da83286b1cce702)
Start importing Assets/FourEvilDragonsHP/Animations/DragonUsurper/takeOff.fbx using Guid(8d407c572ffcdd64a8093245d978392e) Importer(2089858483,192608db42251d675da83286b1cce702) (ScriptedImporter) -> (artifact id: 'ee40f15f92326dd62e4347ba41e47d93') in 0.0878912 seconds
Number of updated asset objects reloaded before import = 0Number of asset objects unloaded after import = 249

========================================================================
Received Import Request.
  Time since last request: 0.000984 seconds.
  path: Assets/FourEvilDragonsHP/Scene/SoulEaterScene.unity
  artifactKey: Guid(5b7a5d45cc6bc794e84740c25259b3c5) Importer(2089858483,192608db42251d675da83286b1cce702)
Start importing Assets/FourEvilDragonsHP/Scene/SoulEaterScene.unity using Guid(5b7a5d45cc6bc794e84740c25259b3c5) Importer(2089858483,192608db42251d675da83286b1cce702) (ScriptedImporter) -> (artifact id: '08445fbb7c42eb9451cd949801a13c60') in 0.0477627 seconds
Number of updated asset objects reloaded before import = 0Number of asset objects unloaded after import = 1

========================================================================
Received Import Request.
  Time since last request: 0.000031 seconds.
  path: Assets/FourEvilDragonsHP/Animations/DragonNightMare/run.fbx
  artifactKey: Guid(e225de8969f5f7348aa6e6a2c92c7859) Importer(2089858483,192608db42251d675da83286b1cce702)
Start importing Assets/FourEvilDragonsHP/Animations/DragonNightMare/run.fbx using Guid(e225de8969f5f7348aa6e6a2c92c7859) Importer(2089858483,192608db42251d675da83286b1cce702) (ScriptedImporter) -> (artifact id: '4065fd4dc55c84c5c8eb0a2ee4cc9a4c') in 0.1018884 seconds
Number of updated asset objects reloaded before import = 0Number of asset objects unloaded after import = 155

========================================================================
Received Import Request.
  Time since last request: 0.000041 seconds.
  path: Assets/FourEvilDragonsHP/Animations/DragonUsurper/FlyFlame.fbx
  artifactKey: Guid(5d9e1f89045bd0946b0908d6f9d29050) Importer(2089858483,192608db42251d675da83286b1cce702)
Start importing Assets/FourEvilDragonsHP/Animations/DragonUsurper/FlyFlame.fbx using Guid(5d9e1f89045bd0946b0908d6f9d29050) Importer(2089858483,192608db42251d675da83286b1cce702) (ScriptedImporter) -> (artifact id: '18633594db328613e4125e3d1f272f2f') in 0.1876177 seconds
Number of updated asset objects reloaded before import = 0Number of asset objects unloaded after import = 249

========================================================================
Received Import Request.
  Time since last request: 0.000564 seconds.
  path: Assets/FourEvilDragonsHP/Animations/DragonTerrorBringer/FlyGlide.fbx
  artifactKey: Guid(29b94464c227dad4997918129dad480c) Importer(2089858483,192608db42251d675da83286b1cce702)
Start importing Assets/FourEvilDragonsHP/Animations/DragonTerrorBringer/FlyGlide.fbx using Guid(29b94464c227dad4997918129dad480c) Importer(2089858483,192608db42251d675da83286b1cce702) (ScriptedImporter) -> (artifact id: '7146550bb61d26fde1b2d827c4dd8e70') in 0.0862537 seconds
Number of updated asset objects reloaded before import = 0Number of asset objects unloaded after import = 177

========================================================================
Received Import Request.
  Time since last request: 0.000088 seconds.
  path: Assets/FourEvilDragonsHP/Materials/DragonSoulEater/GreyHP.mat
  artifactKey: Guid(0526c5be35ba93547acf614ed1950a2f) Importer(2089858483,192608db42251d675da83286b1cce702)
Start importing Assets/FourEvilDragonsHP/Materials/DragonSoulEater/GreyHP.mat using Guid(0526c5be35ba93547acf614ed1950a2f) Importer(2089858483,192608db42251d675da83286b1cce702) (ScriptedImporter) -> (artifact id: '351254f918d0ec74a7c31ba8b48de0e4') in 0.5298637 seconds
Number of updated asset objects reloaded before import = 0Number of asset objects unloaded after import = 2

========================================================================
Received Import Request.
  Time since last request: 0.000038 seconds.
  path: Assets/FourEvilDragonsHP/Prefab/DragonTerrorBringer/Red.prefab
  artifactKey: Guid(59c100dd669d88f46b60555886d4dae7) Importer(2089858483,192608db42251d675da83286b1cce702)
Start importing Assets/FourEvilDragonsHP/Prefab/DragonTerrorBringer/Red.prefab using Guid(59c100dd669d88f46b60555886d4dae7) Importer(2089858483,192608db42251d675da83286b1cce702) (ScriptedImporter) -> (artifact id: '78116c78b9f6d32d799d6c68b15bb474') in 0.1302159 seconds
Number of updated asset objects reloaded before import = 0Number of asset objects unloaded after import = 232

========================================================================
Received Import Request.
  Time since last request: 0.000055 seconds.
  path: Assets/XR/Settings/XRSimulationSettings.asset
  artifactKey: Guid(7058f45aeb8e0bc4080c840186c7a729) Importer(2089858483,192608db42251d675da83286b1cce702)
Start importing Assets/XR/Settings/XRSimulationSettings.asset using Guid(7058f45aeb8e0bc4080c840186c7a729) Importer(2089858483,192608db42251d675da83286b1cce702) (ScriptedImporter) -> (artifact id: '799f67a769c09bfa7992a2ac18b1039d') in 0.0373927 seconds
Number of updated asset objects reloaded before import = 0Number of asset objects unloaded after import = 1

========================================================================
Received Import Request.
  Time since last request: 0.000058 seconds.
  path: Assets/FourEvilDragonsHP/Materials/DragonUsurper/RedHP.mat
  artifactKey: Guid(1131ac1e42ee4884ab91bd69310a2715) Importer(2089858483,192608db42251d675da83286b1cce702)
Start importing Assets/FourEvilDragonsHP/Materials/DragonUsurper/RedHP.mat using Guid(1131ac1e42ee4884ab91bd69310a2715) Importer(2089858483,192608db42251d675da83286b1cce702) (ScriptedImporter) -> (artifact id: 'bf11fa9323c443bdaeac8eea94b3a43e') in 0.2721791 seconds
Number of updated asset objects reloaded before import = 0Number of asset objects unloaded after import = 2

========================================================================
Received Import Request.
  Time since last request: 0.000044 seconds.
  path: Assets/FourEvilDragonsHP/Animations/DragonUsurper/Land.fbx
  artifactKey: Guid(16d67d90d0f2e3f4995c3c82004acb92) Importer(2089858483,192608db42251d675da83286b1cce702)
Start importing Assets/FourEvilDragonsHP/Animations/DragonUsurper/Land.fbx using Guid(16d67d90d0f2e3f4995c3c82004acb92) Importer(2089858483,192608db42251d675da83286b1cce702) (ScriptedImporter) -> (artifact id: '8a0a5ff82aebc32dbdf546fd7e2d6a62') in 0.1095828 seconds
Number of updated asset objects reloaded before import = 0Number of asset objects unloaded after import = 249

========================================================================
Received Import Request.
  Time since last request: 0.000078 seconds.
  path: Assets/FourEvilDragonsHP/Animators/SouleaterCTRL.controller
  artifactKey: Guid(3705d3d72efc1104fa7fa5b1ae6aa552) Importer(2089858483,192608db42251d675da83286b1cce702)
Start importing Assets/FourEvilDragonsHP/Animators/SouleaterCTRL.controller using Guid(3705d3d72efc1104fa7fa5b1ae6aa552) Importer(2089858483,192608db42251d675da83286b1cce702) (ScriptedImporter) -> (artifact id: 'a10faa56760cee8184d7f7bba6cfdd92') in 0.3083611 seconds
Number of updated asset objects reloaded before import = 0Number of asset objects unloaded after import = 53

========================================================================
Received Import Request.
  Time since last request: 0.007327 seconds.
  path: Assets/FourEvilDragonsHP/Animations/DragonNightMare/die.fbx
  artifactKey: Guid(4b1dcfc331de54549a94b650385f751e) Importer(2089858483,192608db42251d675da83286b1cce702)
Start importing Assets/FourEvilDragonsHP/Animations/DragonNightMare/die.fbx using Guid(4b1dcfc331de54549a94b650385f751e) Importer(2089858483,192608db42251d675da83286b1cce702) (ScriptedImporter) -> (artifact id: '3900a5caafc65e34f64aa8701a1b7f99') in 0.2463521 seconds
Number of updated asset objects reloaded before import = 0Number of asset objects unloaded after import = 155

========================================================================
Received Import Request.
  Time since last request: 0.000063 seconds.
  path: Assets/FourEvilDragonsHP/Texture/DragonSoulEater/RedHP.png
  artifactKey: Guid(461e87db4defbab4799dbce04acadf0a) Importer(2089858483,192608db42251d675da83286b1cce702)
Start importing Assets/FourEvilDragonsHP/Texture/DragonSoulEater/RedHP.png using Guid(461e87db4defbab4799dbce04acadf0a) Importer(2089858483,192608db42251d675da83286b1cce702) (ScriptedImporter) -> (artifact id: '44de1bdc63ac747db105741dbca4fb16') in 0.4995816 seconds
Number of updated asset objects reloaded before import = 0Number of asset objects unloaded after import = 1

========================================================================
Received Import Request.
  Time since last request: 0.000149 seconds.
  path: Assets/FourEvilDragonsHP/Texture/DragonTerrorBringer/GreenHP.png
  artifactKey: Guid(4ef9c4d0fc5de6a47a24a3f2185af46b) Importer(2089858483,192608db42251d675da83286b1cce702)
Start importing Assets/FourEvilDragonsHP/Texture/DragonTerrorBringer/GreenHP.png using Guid(4ef9c4d0fc5de6a47a24a3f2185af46b) Importer(2089858483,192608db42251d675da83286b1cce702) (ScriptedImporter) -> (artifact id: '0c731410af513f6c51e9d35f132bfdf0') in 0.2873998 seconds
Number of updated asset objects reloaded before import = 0Number of asset objects unloaded after import = 1

========================================================================
Received Import Request.
  Time since last request: 0.000128 seconds.
  path: Assets/FourEvilDragonsHP/Animations/DragonTerrorBringer/Landing.fbx
  artifactKey: Guid(f728a9645c91629469fdc1e9a452ddea) Importer(2089858483,192608db42251d675da83286b1cce702)
Start importing Assets/FourEvilDragonsHP/Animations/DragonTerrorBringer/Landing.fbx using Guid(f728a9645c91629469fdc1e9a452ddea) Importer(2089858483,192608db42251d675da83286b1cce702) (ScriptedImporter) -> (artifact id: '9949d154dc42924e4d42162c48b8b89d') in 0.1351519 seconds
Number of updated asset objects reloaded before import = 0Number of asset objects unloaded after import = 177

========================================================================
Received Import Request.
  Time since last request: 0.000086 seconds.
  path: Assets/Joystick Pack/Scripts/Base/Joystick.cs
  artifactKey: Guid(b9fca4100a7477741b3973b4ff2c405f) Importer(2089858483,192608db42251d675da83286b1cce702)
Start importing Assets/Joystick Pack/Scripts/Base/Joystick.cs using Guid(b9fca4100a7477741b3973b4ff2c405f) Importer(2089858483,192608db42251d675da83286b1cce702) (ScriptedImporter) -> (artifact id: '94bd6757b0cb6db760108fc508232844') in 0.0608397 seconds
Number of updated asset objects reloaded before import = 0Number of asset objects unloaded after import = 0

========================================================================
Received Import Request.
  Time since last request: 0.002452 seconds.
  path: Assets/FourEvilDragonsHP/Animations/DragonNightMare/idle01.fbx
  artifactKey: Guid(e6a84557d6aca2f4daa1b608739267d9) Importer(2089858483,192608db42251d675da83286b1cce702)
Start importing Assets/FourEvilDragonsHP/Animations/DragonNightMare/idle01.fbx using Guid(e6a84557d6aca2f4daa1b608739267d9) Importer(2089858483,192608db42251d675da83286b1cce702) (ScriptedImporter) -> (artifact id: '9fa861cb8c254f2d79958760c574855f') in 0.3014778 seconds
Number of updated asset objects reloaded before import = 0Number of asset objects unloaded after import = 155

========================================================================
Received Import Request.
  Time since last request: 0.000044 seconds.
  path: Assets/FourEvilDragonsHP/Animations/DragonSoulEater/Idle.fbx
  artifactKey: Guid(53822ae0b4a40a24b97e0cf0388e4248) Importer(2089858483,192608db42251d675da83286b1cce702)
Start importing Assets/FourEvilDragonsHP/Animations/DragonSoulEater/Idle.fbx using Guid(53822ae0b4a40a24b97e0cf0388e4248) Importer(2089858483,192608db42251d675da83286b1cce702) (ScriptedImporter) -> (artifact id: 'dea06588fffef13eecefdacbbe2a12d4') in 0.1401591 seconds
Number of updated asset objects reloaded before import = 0Number of asset objects unloaded after import = 133

========================================================================
Received Import Request.
  Time since last request: 0.000050 seconds.
  path: Assets/Joystick Pack/Scripts/Editor/VariableJoystickEditor.cs
  artifactKey: Guid(58b5a2db95af76c4c9d4116a09ec3697) Importer(2089858483,192608db42251d675da83286b1cce702)
Start importing Assets/Joystick Pack/Scripts/Editor/VariableJoystickEditor.cs using Guid(58b5a2db95af76c4c9d4116a09ec3697) Importer(2089858483,192608db42251d675da83286b1cce702) (ScriptedImporter) -> (artifact id: 'e57ee95feaf1cd60943a49c5c57b6417') in 0.0513723 seconds
Number of updated asset objects reloaded before import = 0Number of asset objects unloaded after import = 0

========================================================================
Received Import Request.
  Time since last request: 0.000245 seconds.
  path: Assets/Joystick Pack/Scripts/Editor/DynamicJoystickEditor.cs
  artifactKey: Guid(52071c88a467b46438b3cbf159bf988b) Importer(2089858483,192608db42251d675da83286b1cce702)
Start importing Assets/Joystick Pack/Scripts/Editor/DynamicJoystickEditor.cs using Guid(52071c88a467b46438b3cbf159bf988b) Importer(2089858483,192608db42251d675da83286b1cce702) (ScriptedImporter) -> (artifact id: 'd57c96c6a01607c778e3d65c1f850ec0') in 0.0889357 seconds
Number of updated asset objects reloaded before import = 0Number of asset objects unloaded after import = 0

========================================================================
Received Import Request.
  Time since last request: 0.000104 seconds.
  path: Assets/FourEvilDragonsHP/Animations/DragonUsurper/FlyIdle.fbx
  artifactKey: Guid(7508a417409ed134ea8cac8e87247637) Importer(2089858483,192608db42251d675da83286b1cce702)
Start importing Assets/FourEvilDragonsHP/Animations/DragonUsurper/FlyIdle.fbx using Guid(7508a417409ed134ea8cac8e87247637) Importer(2089858483,192608db42251d675da83286b1cce702) (ScriptedImporter) -> (artifact id: '1dfb4883c46ea7c9f4bb750f286194b9') in 0.0798635 seconds
Number of updated asset objects reloaded before import = 0Number of asset objects unloaded after import = 249

========================================================================
Received Import Request.
  Time since last request: 0.000030 seconds.
  path: Assets/FourEvilDragonsHP/Animations/DragonTerrorBringer/Basic Attack.fbx
  artifactKey: Guid(601b9e9a8720f834fb218a15d9f3ae63) Importer(2089858483,192608db42251d675da83286b1cce702)
Start importing Assets/FourEvilDragonsHP/Animations/DragonTerrorBringer/Basic Attack.fbx using Guid(601b9e9a8720f834fb218a15d9f3ae63) Importer(2089858483,192608db42251d675da83286b1cce702) (ScriptedImporter) -> (artifact id: '3920f6203be3c1d77e2742887697f8d2') in 0.0797519 seconds
Number of updated asset objects reloaded before import = 0Number of asset objects unloaded after import = 177

========================================================================
Received Import Request.
  Time since last request: 0.000060 seconds.
  path: Assets/FourEvilDragonsHP/Animations/DragonTerrorBringer/die.fbx
  artifactKey: Guid(49d0a594e1ca9d54ca3e17fb24d28f5c) Importer(2089858483,192608db42251d675da83286b1cce702)
Start importing Assets/FourEvilDragonsHP/Animations/DragonTerrorBringer/die.fbx using Guid(49d0a594e1ca9d54ca3e17fb24d28f5c) Importer(2089858483,192608db42251d675da83286b1cce702) (ScriptedImporter) -> (artifact id: '0c26e90771360a2c546a3f82d6542a5a') in 0.1384166 seconds
Number of updated asset objects reloaded before import = 0Number of asset objects unloaded after import = 177

========================================================================
Received Import Request.
  Time since last request: 0.001651 seconds.
  path: Assets/FourEvilDragonsHP/Materials/DragonSoulEater/BlueHP.mat
  artifactKey: Guid(5fcde950c31077243850f23d14ba9a5a) Importer(2089858483,192608db42251d675da83286b1cce702)
Start importing Assets/FourEvilDragonsHP/Materials/DragonSoulEater/BlueHP.mat using Guid(5fcde950c31077243850f23d14ba9a5a) Importer(2089858483,192608db42251d675da83286b1cce702) (ScriptedImporter) -> (artifact id: 'b5cbf414c3bbe5ed1dae7926f7e8678c') in 0.3590945 seconds
Number of updated asset objects reloaded before import = 0Number of asset objects unloaded after import = 2

========================================================================
Received Import Request.
  Time since last request: 0.000129 seconds.
  path: Assets/FourEvilDragonsHP/Texture/DragonUsurper/PurpleHP.png
  artifactKey: Guid(005cc54167f5bc347bda1b165320388f) Importer(2089858483,192608db42251d675da83286b1cce702)
Start importing Assets/FourEvilDragonsHP/Texture/DragonUsurper/PurpleHP.png using Guid(005cc54167f5bc347bda1b165320388f) Importer(2089858483,192608db42251d675da83286b1cce702) (ScriptedImporter) -> (artifact id: '2a6aca6ee338d3d67e73e9aaf6dab9df') in 0.2340915 seconds
Number of updated asset objects reloaded before import = 0Number of asset objects unloaded after import = 1

========================================================================
Received Import Request.
  Time since last request: 0.000165 seconds.
  path: Assets/Joystick Pack/Sprites/Handles/Handle_Outline_Arrows.png
  artifactKey: Guid(5eda94a9dcf71e445ad17e3c065d1460) Importer(2089858483,192608db42251d675da83286b1cce702)
Start importing Assets/Joystick Pack/Sprites/Handles/Handle_Outline_Arrows.png using Guid(5eda94a9dcf71e445ad17e3c065d1460) Importer(2089858483,192608db42251d675da83286b1cce702) (ScriptedImporter) -> (artifact id: '62eacb86fea264def5a410d789f1fdaa') in 0.0814004 seconds
Number of updated asset objects reloaded before import = 0Number of asset objects unloaded after import = 3

========================================================================
Received Import Request.
  Time since last request: 0.000394 seconds.
  path: Assets/Joystick Pack/Sprites/Handles/Handle_Ridged.png
  artifactKey: Guid(3a74f678ee8f3bd49aacf3de1ae4bcaa) Importer(2089858483,192608db42251d675da83286b1cce702)
Start importing Assets/Joystick Pack/Sprites/Handles/Handle_Ridged.png using Guid(3a74f678ee8f3bd49aacf3de1ae4bcaa) Importer(2089858483,192608db42251d675da83286b1cce702) (ScriptedImporter) -> (artifact id: 'afa2689e465c2c15476f91021e14d696') in 0.0586186 seconds
Number of updated asset objects reloaded before import = 0Number of asset objects unloaded after import = 3

========================================================================
Received Import Request.
  Time since last request: 0.000051 seconds.
  path: Assets/FourEvilDragonsHP/Animations/DragonUsurper/Defend.fbx
  artifactKey: Guid(0cbecf51da098bb49a79d74e183a1695) Importer(2089858483,192608db42251d675da83286b1cce702)
Start importing Assets/FourEvilDragonsHP/Animations/DragonUsurper/Defend.fbx using Guid(0cbecf51da098bb49a79d74e183a1695) Importer(2089858483,192608db42251d675da83286b1cce702) (ScriptedImporter) -> (artifact id: '1bf68fa3c6597b26d1f908c2172a8fdd') in 0.0805507 seconds
Number of updated asset objects reloaded before import = 0Number of asset objects unloaded after import = 249

========================================================================
Received Import Request.
  Time since last request: 0.000057 seconds.
  path: Assets/FourEvilDragonsHP/Prefab/DragonNightmare/Blue.prefab
  artifactKey: Guid(edd34a89cfe571f4ca766dcca2459bbe) Importer(2089858483,192608db42251d675da83286b1cce702)
Start importing Assets/FourEvilDragonsHP/Prefab/DragonNightmare/Blue.prefab using Guid(edd34a89cfe571f4ca766dcca2459bbe) Importer(2089858483,192608db42251d675da83286b1cce702) (ScriptedImporter) -> (artifact id: '38c321b0dd7ce489b1e925c79a5bea21') in 0.0836284 seconds
Number of updated asset objects reloaded before import = 0Number of asset objects unloaded after import = 204

========================================================================
Received Import Request.
  Time since last request: 0.001221 seconds.
  path: Assets/FourEvilDragonsHP/Scene/NightmareScene.unity
  artifactKey: Guid(d8ee4eabfc0eb374abb799a03c54b457) Importer(2089858483,192608db42251d675da83286b1cce702)
Start importing Assets/FourEvilDragonsHP/Scene/NightmareScene.unity using Guid(d8ee4eabfc0eb374abb799a03c54b457) Importer(2089858483,192608db42251d675da83286b1cce702) (ScriptedImporter) -> (artifact id: '44257b7d0120b441a80bca683293ca48') in 0.0382675 seconds
Number of updated asset objects reloaded before import = 0Number of asset objects unloaded after import = 1

========================================================================
Received Import Request.
  Time since last request: 0.000167 seconds.
  path: Assets/FourEvilDragonsHP/Animations/DragonNightMare/idle02.fbx
  artifactKey: Guid(9d21fa939f154f147ac659d23465c4ed) Importer(2089858483,192608db42251d675da83286b1cce702)
Start importing Assets/FourEvilDragonsHP/Animations/DragonNightMare/idle02.fbx using Guid(9d21fa939f154f147ac659d23465c4ed) Importer(2089858483,192608db42251d675da83286b1cce702) (ScriptedImporter) -> (artifact id: '6f9d9647a58b559878b7eec0369291bd') in 0.0589378 seconds
Number of updated asset objects reloaded before import = 0Number of asset objects unloaded after import = 155

========================================================================
Received Import Request.
  Time since last request: 0.000024 seconds.
  path: Assets/FourEvilDragonsHP/Animations/DragonUsurper/getHit.fbx
  artifactKey: Guid(1f674d87cae509644a306408e4fecfc1) Importer(2089858483,192608db42251d675da83286b1cce702)
Start importing Assets/FourEvilDragonsHP/Animations/DragonUsurper/getHit.fbx using Guid(1f674d87cae509644a306408e4fecfc1) Importer(2089858483,192608db42251d675da83286b1cce702) (ScriptedImporter) -> (artifact id: 'e0b7ab04dea36ab7fc8932e14e04844a') in 0.075181 seconds
Number of updated asset objects reloaded before import = 0Number of asset objects unloaded after import = 249

========================================================================
Received Import Request.
  Time since last request: 0.000081 seconds.
  path: Assets/Joystick Pack/Sprites/Horizontal Backgrounds/Horizontal_Ridged.png
  artifactKey: Guid(6304ad603f150b649b764d29bbc2a87b) Importer(2089858483,192608db42251d675da83286b1cce702)
Start importing Assets/Joystick Pack/Sprites/Horizontal Backgrounds/Horizontal_Ridged.png using Guid(6304ad603f150b649b764d29bbc2a87b) Importer(2089858483,192608db42251d675da83286b1cce702) (ScriptedImporter) -> (artifact id: '26be7763138f4f8f3dc5b38827e3eb1a') in 0.0546322 seconds
Number of updated asset objects reloaded before import = 0Number of asset objects unloaded after import = 3

========================================================================
Received Import Request.
  Time since last request: 0.000048 seconds.
  path: Assets/Joystick Pack/Sprites/Vertical Backgrounds/Vertical_Plain_Arrows.png
  artifactKey: Guid(3bf6d9f920f7458448a390f80318ebe6) Importer(2089858483,192608db42251d675da83286b1cce702)
Start importing Assets/Joystick Pack/Sprites/Vertical Backgrounds/Vertical_Plain_Arrows.png using Guid(3bf6d9f920f7458448a390f80318ebe6) Importer(2089858483,192608db42251d675da83286b1cce702) (ScriptedImporter) -> (artifact id: 'cf5c9b0032ede14370cdc033b1785481') in 0.055261 seconds
Number of updated asset objects reloaded before import = 0Number of asset objects unloaded after import = 3

========================================================================
Received Import Request.
  Time since last request: 0.000043 seconds.
  path: Assets/Joystick Pack/Sprites/All Axis Backgrounds/AllAxis_Plain.png
  artifactKey: Guid(84487d73ca4b791498332d8f6858417f) Importer(2089858483,192608db42251d675da83286b1cce702)
Start importing Assets/Joystick Pack/Sprites/All Axis Backgrounds/AllAxis_Plain.png using Guid(84487d73ca4b791498332d8f6858417f) Importer(2089858483,192608db42251d675da83286b1cce702) (ScriptedImporter) -> (artifact id: '9e9606712505a7549f3a34f6ffa9750b') in 0.0470077 seconds
Number of updated asset objects reloaded before import = 0Number of asset objects unloaded after import = 3

========================================================================
Received Import Request.
  Time since last request: 0.000062 seconds.
  path: Assets/FourEvilDragonsHP/Mesh/DragonTerrorBringerMesh.fbx
  artifactKey: Guid(3fa06637f7751b44b8e63a9964b181a6) Importer(2089858483,192608db42251d675da83286b1cce702)
Start importing Assets/FourEvilDragonsHP/Mesh/DragonTerrorBringerMesh.fbx using Guid(3fa06637f7751b44b8e63a9964b181a6) Importer(2089858483,192608db42251d675da83286b1cce702) (ScriptedImporter) -> (artifact id: 'd95d1be7c83082610dcfcf48b7c1079e') in 0.0451251 seconds
Number of updated asset objects reloaded before import = 0Number of asset objects unloaded after import = 176

========================================================================
Received Import Request.
  Time since last request: 0.000036 seconds.
  path: Assets/FourEvilDragonsHP/Animations/DragonTerrorBringer/Run.fbx
  artifactKey: Guid(9700edab3a23d7d408e78a7cb99cf41d) Importer(2089858483,192608db42251d675da83286b1cce702)
Start importing Assets/FourEvilDragonsHP/Animations/DragonTerrorBringer/Run.fbx using Guid(9700edab3a23d7d408e78a7cb99cf41d) Importer(2089858483,192608db42251d675da83286b1cce702) (ScriptedImporter) -> (artifact id: '5aebf45a7d29c87f7549943f227c80c5') in 0.0718956 seconds
Number of updated asset objects reloaded before import = 0Number of asset objects unloaded after import = 178

========================================================================
Received Import Request.
  Time since last request: 0.000034 seconds.
  path: Assets/XR/UserSimulationSettings/SimulationEnvironmentAssetsManager.asset
  artifactKey: Guid(d78d89b49437da34081550c9dc8e391a) Importer(2089858483,192608db42251d675da83286b1cce702)
Start importing Assets/XR/UserSimulationSettings/SimulationEnvironmentAssetsManager.asset using Guid(d78d89b49437da34081550c9dc8e391a) Importer(2089858483,192608db42251d675da83286b1cce702) (ScriptedImporter) -> (artifact id: '7c9d29c6a9fd642d93a5b4bba72343ed') in 0.0599853 seconds
Number of updated asset objects reloaded before import = 0Number of asset objects unloaded after import = 1

========================================================================
Received Import Request.
  Time since last request: 0.000091 seconds.
  path: Assets/FourEvilDragonsHP/Materials/DragonNightmare/DarkBlueHP.mat
  artifactKey: Guid(8a2d1f9276d746a42925272a2372ca11) Importer(2089858483,192608db42251d675da83286b1cce702)
Start importing Assets/FourEvilDragonsHP/Materials/DragonNightmare/DarkBlueHP.mat using Guid(8a2d1f9276d746a42925272a2372ca11) Importer(2089858483,192608db42251d675da83286b1cce702) (ScriptedImporter) -> (artifact id: '77a8fd26ea9b7f56171452c4971e45d5') in 0.2048865 seconds
Number of updated asset objects reloaded before import = 0Number of asset objects unloaded after import = 2

========================================================================
Received Import Request.
  Time since last request: 0.000115 seconds.
  path: Assets/FourEvilDragonsHP/Animations/DragonUsurper/FlyForward.fbx
  artifactKey: Guid(3ab266bf94f3a1a4bb030eb1b90b8600) Importer(2089858483,192608db42251d675da83286b1cce702)
Start importing Assets/FourEvilDragonsHP/Animations/DragonUsurper/FlyForward.fbx using Guid(3ab266bf94f3a1a4bb030eb1b90b8600) Importer(2089858483,192608db42251d675da83286b1cce702) (ScriptedImporter) -> (artifact id: '797efbcbe4700216ffb6746e2fc08822') in 0.0548623 seconds
Number of updated asset objects reloaded before import = 0Number of asset objects unloaded after import = 249

========================================================================
Received Import Request.
  Time since last request: 0.000049 seconds.
  path: Assets/FourEvilDragonsHP/Texture/DragonNightmare/GreenHP.png
  artifactKey: Guid(9dba242174cb8a2479a67b286bf5a92c) Importer(2089858483,192608db42251d675da83286b1cce702)
Start importing Assets/FourEvilDragonsHP/Texture/DragonNightmare/GreenHP.png using Guid(9dba242174cb8a2479a67b286bf5a92c) Importer(2089858483,192608db42251d675da83286b1cce702) (ScriptedImporter) -> (artifact id: 'a672be3017a747fd380cd896109f3f7e') in 0.2012038 seconds
Number of updated asset objects reloaded before import = 0Number of asset objects unloaded after import = 1

========================================================================
Received Import Request.
  Time since last request: 0.000105 seconds.
  path: Assets/FourEvilDragonsHP/Animations/DragonNightMare/Basic Attack.fbx
  artifactKey: Guid(f882585276163954fbc547e18dea9d6b) Importer(2089858483,192608db42251d675da83286b1cce702)
Start importing Assets/FourEvilDragonsHP/Animations/DragonNightMare/Basic Attack.fbx using Guid(f882585276163954fbc547e18dea9d6b) Importer(2089858483,192608db42251d675da83286b1cce702) (ScriptedImporter) -> (artifact id: '6f050988ae1481bcc89b2f3b399be806') in 0.0578831 seconds
Number of updated asset objects reloaded before import = 0Number of asset objects unloaded after import = 155

========================================================================
Received Import Request.
  Time since last request: 0.000032 seconds.
  path: Assets/FourEvilDragonsHP/Animations/DragonUsurper/Die.fbx
  artifactKey: Guid(347d2e064d3a3f946b17655dcc998386) Importer(2089858483,192608db42251d675da83286b1cce702)
Start importing Assets/FourEvilDragonsHP/Animations/DragonUsurper/Die.fbx using Guid(347d2e064d3a3f946b17655dcc998386) Importer(2089858483,192608db42251d675da83286b1cce702) (ScriptedImporter) -> (artifact id: '46ba550224927027cc51786632c8ba9f') in 0.0557514 seconds
Number of updated asset objects reloaded before import = 0Number of asset objects unloaded after import = 249

========================================================================
Received Import Request.
  Time since last request: 0.000040 seconds.
  path: Assets/FourEvilDragonsHP/Texture/DragonSoulEater/BlueHP.png
  artifactKey: Guid(11ae2c7ef2ee4f745810a00f1cbbd469) Importer(2089858483,192608db42251d675da83286b1cce702)
Start importing Assets/FourEvilDragonsHP/Texture/DragonSoulEater/BlueHP.png using Guid(11ae2c7ef2ee4f745810a00f1cbbd469) Importer(2089858483,192608db42251d675da83286b1cce702) (ScriptedImporter) -> (artifact id: '546e5b6bf2cbf62fa7805c47b88f3d99') in 0.1676558 seconds
Number of updated asset objects reloaded before import = 0Number of asset objects unloaded after import = 1

========================================================================
Received Import Request.
  Time since last request: 0.000099 seconds.
  path: Assets/FourEvilDragonsHP/Animations/DragonNightMare/Sleep.fbx
  artifactKey: Guid(5cfe5b96be26d60478f7a5749d947a62) Importer(2089858483,192608db42251d675da83286b1cce702)
Start importing Assets/FourEvilDragonsHP/Animations/DragonNightMare/Sleep.fbx using Guid(5cfe5b96be26d60478f7a5749d947a62) Importer(2089858483,192608db42251d675da83286b1cce702) (ScriptedImporter) -> (artifact id: 'bfc98a52e0c89e17767e98bf63c0c5a0') in 0.0814089 seconds
Number of updated asset objects reloaded before import = 0Number of asset objects unloaded after import = 155

========================================================================
Received Import Request.
  Time since last request: 0.000092 seconds.
  path: Assets/FourEvilDragonsHP/Animations/DragonNightMare/walk.fbx
  artifactKey: Guid(57b96fcfb13429847939b2e633026c89) Importer(2089858483,192608db42251d675da83286b1cce702)
Start importing Assets/FourEvilDragonsHP/Animations/DragonNightMare/walk.fbx using Guid(57b96fcfb13429847939b2e633026c89) Importer(2089858483,192608db42251d675da83286b1cce702) (ScriptedImporter) -> (artifact id: '6b9ebbf5024e93641aedebb6e588b9c8') in 0.0703822 seconds
Number of updated asset objects reloaded before import = 0Number of asset objects unloaded after import = 155

========================================================================
Received Import Request.
  Time since last request: 0.000062 seconds.
  path: Assets/FourEvilDragonsHP/Animations/DragonUsurper/idle02.fbx
  artifactKey: Guid(df5d29c6a8c8f1c4caef2b4c1d0b073a) Importer(2089858483,192608db42251d675da83286b1cce702)
Start importing Assets/FourEvilDragonsHP/Animations/DragonUsurper/idle02.fbx using Guid(df5d29c6a8c8f1c4caef2b4c1d0b073a) Importer(2089858483,192608db42251d675da83286b1cce702) (ScriptedImporter) -> (artifact id: 'afb0f243de0138c6db0a8e2b1b59b2e1') in 0.0767077 seconds
Number of updated asset objects reloaded before import = 0Number of asset objects unloaded after import = 249

========================================================================
Received Import Request.
  Time since last request: 0.000031 seconds.
  path: Assets/FourEvilDragonsHP/Animations/DragonNightMare/walkRight.fbx
  artifactKey: Guid(0d450e707f0b2d646b814fe61b117d4b) Importer(2089858483,192608db42251d675da83286b1cce702)
Start importing Assets/FourEvilDragonsHP/Animations/DragonNightMare/walkRight.fbx using Guid(0d450e707f0b2d646b814fe61b117d4b) Importer(2089858483,192608db42251d675da83286b1cce702) (ScriptedImporter) -> (artifact id: '900a54090b40335feb3502e0d27d21bc') in 0.0674734 seconds
Number of updated asset objects reloaded before import = 0Number of asset objects unloaded after import = 155

========================================================================
Received Import Request.
  Time since last request: 0.000035 seconds.
  path: Assets/Joystick Pack/Prefabs/Fixed Joystick.prefab
  artifactKey: Guid(aaa2c939c0359ac4dbce3f49e8b90252) Importer(2089858483,192608db42251d675da83286b1cce702)
Start importing Assets/Joystick Pack/Prefabs/Fixed Joystick.prefab using Guid(aaa2c939c0359ac4dbce3f49e8b90252) Importer(2089858483,192608db42251d675da83286b1cce702) (ScriptedImporter) -> (artifact id: 'd83b663a846acd970e563ecf15ae933b') in 0.104853 seconds
Number of updated asset objects reloaded before import = 0Number of asset objects unloaded after import = 13

========================================================================
Received Import Request.
  Time since last request: 0.000228 seconds.
  path: Assets/FourEvilDragonsHP/Materials/Stage.mat
  artifactKey: Guid(34466cf7960487a4380913c62e795ebd) Importer(2089858483,192608db42251d675da83286b1cce702)
Start importing Assets/FourEvilDragonsHP/Materials/Stage.mat using Guid(34466cf7960487a4380913c62e795ebd) Importer(2089858483,192608db42251d675da83286b1cce702) (ScriptedImporter) -> (artifact id: '4d568151ba4815ff35bad1365169098d') in 0.2126098 seconds
Number of updated asset objects reloaded before import = 0Number of asset objects unloaded after import = 1

========================================================================
Received Import Request.
  Time since last request: 0.000341 seconds.
  path: Assets/FourEvilDragonsHP/Animations/DragonSoulEater/Get Hit.fbx
  artifactKey: Guid(34cbf41484d0da24e9a24545c9d5a332) Importer(2089858483,192608db42251d675da83286b1cce702)
Start importing Assets/FourEvilDragonsHP/Animations/DragonSoulEater/Get Hit.fbx using Guid(34cbf41484d0da24e9a24545c9d5a332) Importer(2089858483,192608db42251d675da83286b1cce702) (ScriptedImporter) -> (artifact id: 'ab707756868aa013cab6785ddf91dcad') in 0.7859036 seconds
Number of updated asset objects reloaded before import = 0Number of asset objects unloaded after import = 133

========================================================================
Received Import Request.
  Time since last request: 0.000039 seconds.
  path: Assets/FourEvilDragonsHP/Animators/UsurperCTRL.controller
  artifactKey: Guid(5bd61d42e42f44b4a922495212e06f3f) Importer(2089858483,192608db42251d675da83286b1cce702)
Start importing Assets/FourEvilDragonsHP/Animators/UsurperCTRL.controller using Guid(5bd61d42e42f44b4a922495212e06f3f) Importer(2089858483,192608db42251d675da83286b1cce702) (ScriptedImporter) -> (artifact id: 'f1ecb290fc1e57e702c1fada8cc8a9ac') in 0.1924145 seconds
Number of updated asset objects reloaded before import = 0Number of asset objects unloaded after import = 56

========================================================================
Received Import Request.
  Time since last request: 0.022684 seconds.
  path: Assets/Joystick Pack/Scripts/Joysticks/DynamicJoystick.cs
  artifactKey: Guid(ba0d0e7a039f526499c356a3c5cd6d3f) Importer(2089858483,192608db42251d675da83286b1cce702)
Start importing Assets/Joystick Pack/Scripts/Joysticks/DynamicJoystick.cs using Guid(ba0d0e7a039f526499c356a3c5cd6d3f) Importer(2089858483,192608db42251d675da83286b1cce702) (ScriptedImporter) -> (artifact id: 'a5e4962a1c0d7c1509c638fd67a08ae4') in 0.3051553 seconds
Number of updated asset objects reloaded before import = 0Number of asset objects unloaded after import = 0

========================================================================
Received Import Request.
  Time since last request: 0.029176 seconds.
  path: Assets/FourEvilDragonsHP/Materials/DragonTerrorBringer/BlueHP.mat
  artifactKey: Guid(dcc7344671ccf0044a1fb5038007860e) Importer(2089858483,192608db42251d675da83286b1cce702)
Start importing Assets/FourEvilDragonsHP/Materials/DragonTerrorBringer/BlueHP.mat using Guid(dcc7344671ccf0044a1fb5038007860e) Importer(2089858483,192608db42251d675da83286b1cce702) (ScriptedImporter) -> (artifact id: 'e9e25eb28f318df24eb49cf68e7b38fa') in 0.260396 seconds
Number of updated asset objects reloaded before import = 0Number of asset objects unloaded after import = 2

========================================================================
Received Import Request.
  Time since last request: 0.000082 seconds.
  path: Assets/FourEvilDragonsHP/Mesh/DragonUsurperMesh.fbx
  artifactKey: Guid(79b50b34e44b5fd4db1cdc9535a3c86b) Importer(2089858483,192608db42251d675da83286b1cce702)
Start importing Assets/FourEvilDragonsHP/Mesh/DragonUsurperMesh.fbx using Guid(79b50b34e44b5fd4db1cdc9535a3c86b) Importer(2089858483,192608db42251d675da83286b1cce702) (ScriptedImporter) -> (artifact id: '25f29f658e43985b6dc9d54476068f4d') in 0.0713218 seconds
Number of updated asset objects reloaded before import = 0Number of asset objects unloaded after import = 248

========================================================================
Received Import Request.
  Time since last request: 0.000043 seconds.
  path: Assets/FourEvilDragonsHP/Animations/DragonNightMare/Jump.fbx
  artifactKey: Guid(11710095629f7e044ad54abf1af7fc13) Importer(2089858483,192608db42251d675da83286b1cce702)
Start importing Assets/FourEvilDragonsHP/Animations/DragonNightMare/Jump.fbx using Guid(11710095629f7e044ad54abf1af7fc13) Importer(2089858483,192608db42251d675da83286b1cce702) (ScriptedImporter) -> (artifact id: '8aa14a86367d1e63f87a99a00d72375f') in 0.0897491 seconds
Number of updated asset objects reloaded before import = 0Number of asset objects unloaded after import = 155

========================================================================
Received Import Request.
  Time since last request: 0.000031 seconds.
  path: Assets/Joystick Pack/Sprites/Handles/Handle_Plain_Arrows.png
  artifactKey: Guid(f353d42d1db27ff42b78b28efd86b316) Importer(2089858483,192608db42251d675da83286b1cce702)
Start importing Assets/Joystick Pack/Sprites/Handles/Handle_Plain_Arrows.png using Guid(f353d42d1db27ff42b78b28efd86b316) Importer(2089858483,192608db42251d675da83286b1cce702) (ScriptedImporter) -> (artifact id: 'a8573bce9a28807eeadfbfd0fed70efd') in 0.0775431 seconds
Number of updated asset objects reloaded before import = 0Number of asset objects unloaded after import = 3

========================================================================
Received Import Request.
  Time since last request: 0.000134 seconds.
  path: Assets/Joystick Pack/Sprites/Vertical Backgrounds/Vertical_Plain.png
  artifactKey: Guid(ab6db91373811284caeba2e9472fa9c2) Importer(2089858483,192608db42251d675da83286b1cce702)
Start importing Assets/Joystick Pack/Sprites/Vertical Backgrounds/Vertical_Plain.png using Guid(ab6db91373811284caeba2e9472fa9c2) Importer(2089858483,192608db42251d675da83286b1cce702) (ScriptedImporter) -> (artifact id: '341f62554c1a9d3bfa926814ab0edd00') in 0.065078 seconds
Number of updated asset objects reloaded before import = 0Number of asset objects unloaded after import = 3

========================================================================
Received Import Request.
  Time since last request: 0.000037 seconds.
  path: Assets/Joystick Pack/Sprites/Horizontal Backgrounds/Horizontal_Plain.png
  artifactKey: Guid(097782735540f2d4db5606eae04ae6a7) Importer(2089858483,192608db42251d675da83286b1cce702)
Start importing Assets/Joystick Pack/Sprites/Horizontal Backgrounds/Horizontal_Plain.png using Guid(097782735540f2d4db5606eae04ae6a7) Importer(2089858483,192608db42251d675da83286b1cce702) (ScriptedImporter) -> (artifact id: '70f00b48aab0873f91c5f35401f5992a') in 0.0596312 seconds
Number of updated asset objects reloaded before import = 0Number of asset objects unloaded after import = 3

========================================================================
Received Import Request.
  Time since last request: 0.000042 seconds.
  path: Assets/Joystick Pack/Sprites/Horizontal Backgrounds/Horizontal_Outline.png
  artifactKey: Guid(cd0a2c1b2c014ba4c80c1df786e150e9) Importer(2089858483,192608db42251d675da83286b1cce702)
Start importing Assets/Joystick Pack/Sprites/Horizontal Backgrounds/Horizontal_Outline.png using Guid(cd0a2c1b2c014ba4c80c1df786e150e9) Importer(2089858483,192608db42251d675da83286b1cce702) (ScriptedImporter) -> (artifact id: 'cdaef202b2bf4959230ad1245650643b') in 0.0680525 seconds
Number of updated asset objects reloaded before import = 0Number of asset objects unloaded after import = 3

========================================================================
Received Import Request.
  Time since last request: 0.000031 seconds.
  path: Assets/FourEvilDragonsHP/Prefab/DragonNightmare/Green.prefab
  artifactKey: Guid(281a986484325de459dc1b3709335bc5) Importer(2089858483,192608db42251d675da83286b1cce702)
Start importing Assets/FourEvilDragonsHP/Prefab/DragonNightmare/Green.prefab using Guid(281a986484325de459dc1b3709335bc5) Importer(2089858483,192608db42251d675da83286b1cce702) (ScriptedImporter) -> (artifact id: '82c42743bca80dc961b7b2dd91f02e26') in 0.0883236 seconds
Number of updated asset objects reloaded before import = 0Number of asset objects unloaded after import = 204

========================================================================
Received Import Request.
  Time since last request: 0.000040 seconds.
  path: Assets/FourEvilDragonsHP/Animations/DragonUsurper/Run.fbx
  artifactKey: Guid(239b8825753a9e04ab2528df8f251b8b) Importer(2089858483,192608db42251d675da83286b1cce702)
Start importing Assets/FourEvilDragonsHP/Animations/DragonUsurper/Run.fbx using Guid(239b8825753a9e04ab2528df8f251b8b) Importer(2089858483,192608db42251d675da83286b1cce702) (ScriptedImporter) -> (artifact id: '91266b6b9e141e048f761862ac4a3b61') in 0.0788988 seconds
Number of updated asset objects reloaded before import = 0Number of asset objects unloaded after import = 249

========================================================================
Received Import Request.
  Time since last request: 0.000042 seconds.
  path: Assets/FourEvilDragonsHP/Animations/DragonUsurper/FlyGlide.fbx
  artifactKey: Guid(14d524dd6d57c094da8d73fee5077c6d) Importer(2089858483,192608db42251d675da83286b1cce702)
Start importing Assets/FourEvilDragonsHP/Animations/DragonUsurper/FlyGlide.fbx using Guid(14d524dd6d57c094da8d73fee5077c6d) Importer(2089858483,192608db42251d675da83286b1cce702) (ScriptedImporter) -> (artifact id: '4ff9a363b0883b96c63d92a357bdd31f') in 0.0915318 seconds
Number of updated asset objects reloaded before import = 0Number of asset objects unloaded after import = 249

========================================================================
Received Import Request.
  Time since last request: 0.000042 seconds.
  path: Assets/FourEvilDragonsHP/Animators/TerrorbringerCTRL.controller
  artifactKey: Guid(d44a18fbb4c18cb40b8732baf53d96fd) Importer(2089858483,192608db42251d675da83286b1cce702)
Start importing Assets/FourEvilDragonsHP/Animators/TerrorbringerCTRL.controller using Guid(d44a18fbb4c18cb40b8732baf53d96fd) Importer(2089858483,192608db42251d675da83286b1cce702) (ScriptedImporter) -> (artifact id: 'bf3ff6cb2f4c0824eeaa7e8b7666cade') in 0.4122019 seconds
Number of updated asset objects reloaded before import = 0Number of asset objects unloaded after import = 56

========================================================================
Received Import Request.
  Time since last request: 0.000074 seconds.
  path: Assets/Joystick Pack/Sprites/Handles/Handle_Outline.png
  artifactKey: Guid(085185b08a40a924985bc0e4176edea6) Importer(2089858483,192608db42251d675da83286b1cce702)
Start importing Assets/Joystick Pack/Sprites/Handles/Handle_Outline.png using Guid(085185b08a40a924985bc0e4176edea6) Importer(2089858483,192608db42251d675da83286b1cce702) (ScriptedImporter) -> (artifact id: '4b025366457bde96638ac71a51a19b5c') in 0.1375973 seconds
Number of updated asset objects reloaded before import = 0Number of asset objects unloaded after import = 3

========================================================================
Received Import Request.
  Time since last request: 0.000042 seconds.
  path: Assets/XR/UserSimulationSettings/Resources/XRSimulationPreferences.asset
  artifactKey: Guid(1bd514d508266a04a9ad871bcd6a5e93) Importer(2089858483,192608db42251d675da83286b1cce702)
Start importing Assets/XR/UserSimulationSettings/Resources/XRSimulationPreferences.asset using Guid(1bd514d508266a04a9ad871bcd6a5e93) Importer(2089858483,192608db42251d675da83286b1cce702) (ScriptedImporter) -> (artifact id: '3c846cfc8508712870af7631924ba9a3') in 0.1218645 seconds
Number of updated asset objects reloaded before import = 0Number of asset objects unloaded after import = 39

========================================================================
Received Import Request.
  Time since last request: 0.000034 seconds.
  path: Assets/Joystick Pack/Prefabs/Dynamic Joystick.prefab
  artifactKey: Guid(56fae09712773584fb63896d473a98ee) Importer(2089858483,192608db42251d675da83286b1cce702)
Start importing Assets/Joystick Pack/Prefabs/Dynamic Joystick.prefab using Guid(56fae09712773584fb63896d473a98ee) Importer(2089858483,192608db42251d675da83286b1cce702) (ScriptedImporter) -> (artifact id: '91a21d4741e485122fecd85ec58bf2dc') in 0.0986454 seconds
Number of updated asset objects reloaded before import = 0Number of asset objects unloaded after import = 17

========================================================================
Received Import Request.
  Time since last request: 0.000472 seconds.
  path: Assets/FourEvilDragonsHP/Animations/DragonNightMare/walkBack.fbx
  artifactKey: Guid(febc3ddda9a2b7e48a803fdfeeaf757d) Importer(2089858483,192608db42251d675da83286b1cce702)
Start importing Assets/FourEvilDragonsHP/Animations/DragonNightMare/walkBack.fbx using Guid(febc3ddda9a2b7e48a803fdfeeaf757d) Importer(2089858483,192608db42251d675da83286b1cce702) (ScriptedImporter) -> (artifact id: 'fb4287efe40f154cf30f9679c01e7b3e') in 0.0674856 seconds
Number of updated asset objects reloaded before import = 0Number of asset objects unloaded after import = 155

========================================================================
Received Import Request.
  Time since last request: 0.000029 seconds.
  path: Assets/Joystick Pack/Scripts/Joysticks/VariableJoystick.cs
  artifactKey: Guid(42844a4fccbd54746b90cade4ff70f73) Importer(2089858483,192608db42251d675da83286b1cce702)
Start importing Assets/Joystick Pack/Scripts/Joysticks/VariableJoystick.cs using Guid(42844a4fccbd54746b90cade4ff70f73) Importer(2089858483,192608db42251d675da83286b1cce702) (ScriptedImporter) -> (artifact id: '88ed08b72e83ef67939d7e6b5cefcbc5') in 0.0378103 seconds
Number of updated asset objects reloaded before import = 0Number of asset objects unloaded after import = 0

========================================================================
Received Import Request.
  Time since last request: 0.000160 seconds.
  path: Assets/FourEvilDragonsHP/Animations/DragonTerrorBringer/scream.fbx
  artifactKey: Guid(221d076625b05194c872aaa907b8f0cd) Importer(2089858483,192608db42251d675da83286b1cce702)
Start importing Assets/FourEvilDragonsHP/Animations/DragonTerrorBringer/scream.fbx using Guid(221d076625b05194c872aaa907b8f0cd) Importer(2089858483,192608db42251d675da83286b1cce702) (ScriptedImporter) -> (artifact id: '59ceedaeb9919ad5c175f7ac7bc4312f') in 0.0907324 seconds
Number of updated asset objects reloaded before import = 0Number of asset objects unloaded after import = 177

========================================================================
Received Import Request.
  Time since last request: 0.000050 seconds.
  path: Assets/Joystick Pack/Sprites/All Axis Backgrounds/AllAxis_Ridged_Arrows.png
  artifactKey: Guid(4cbc879550e5e374a925e2e0a84d6f3c) Importer(2089858483,192608db42251d675da83286b1cce702)
Start importing Assets/Joystick Pack/Sprites/All Axis Backgrounds/AllAxis_Ridged_Arrows.png using Guid(4cbc879550e5e374a925e2e0a84d6f3c) Importer(2089858483,192608db42251d675da83286b1cce702) (ScriptedImporter) -> (artifact id: 'eab845d8344e3809f43e706a55b48a7a') in 0.0747252 seconds
Number of updated asset objects reloaded before import = 0Number of asset objects unloaded after import = 3

========================================================================
Received Import Request.
  Time since last request: 0.000039 seconds.
  path: Assets/FourEvilDragonsHP/Materials/DragonTerrorBringer/RedHP.mat
  artifactKey: Guid(3cf5d93e63ceca94da9ffb40a6ed68ed) Importer(2089858483,192608db42251d675da83286b1cce702)
Start importing Assets/FourEvilDragonsHP/Materials/DragonTerrorBringer/RedHP.mat using Guid(3cf5d93e63ceca94da9ffb40a6ed68ed) Importer(2089858483,192608db42251d675da83286b1cce702) (ScriptedImporter) -> (artifact id: 'd95d8ba4045b37f6c79891d9f7cb67e0') in 0.1923747 seconds
Number of updated asset objects reloaded before import = 0Number of asset objects unloaded after import = 2

========================================================================
Received Import Request.
  Time since last request: 0.000047 seconds.
  path: Assets/FourEvilDragonsHP/Prefab/DragonTerrorBringer/Green.prefab
  artifactKey: Guid(4e7d7ecd1eafb1746a1fcb020505943c) Importer(2089858483,192608db42251d675da83286b1cce702)
Start importing Assets/FourEvilDragonsHP/Prefab/DragonTerrorBringer/Green.prefab using Guid(4e7d7ecd1eafb1746a1fcb020505943c) Importer(2089858483,192608db42251d675da83286b1cce702) (ScriptedImporter) -> (artifact id: '0c953bdf0b166169da72fc01af684f29') in 0.1207022 seconds
Number of updated asset objects reloaded before import = 0Number of asset objects unloaded after import = 232

========================================================================
Received Import Request.
  Time since last request: 0.000051 seconds.
  path: Assets/FourEvilDragonsHP/Materials/DragonNightmare/GreenHP.mat
  artifactKey: Guid(ca5605f13d3937e40b508c59662c25fd) Importer(2089858483,192608db42251d675da83286b1cce702)
Start importing Assets/FourEvilDragonsHP/Materials/DragonNightmare/GreenHP.mat using Guid(ca5605f13d3937e40b508c59662c25fd) Importer(2089858483,192608db42251d675da83286b1cce702) (ScriptedImporter) -> (artifact id: '181b5ca572963f3c76e67efd0c1240c5') in 0.2897273 seconds
Number of updated asset objects reloaded before import = 0Number of asset objects unloaded after import = 2

========================================================================
Received Import Request.
  Time since last request: 0.000045 seconds.
  path: Assets/FourEvilDragonsHP/Texture/DragonNightmare/AlbinoHP.png
  artifactKey: Guid(567379e57808cd747b2f0e08790e0d76) Importer(2089858483,192608db42251d675da83286b1cce702)
Start importing Assets/FourEvilDragonsHP/Texture/DragonNightmare/AlbinoHP.png using Guid(567379e57808cd747b2f0e08790e0d76) Importer(2089858483,192608db42251d675da83286b1cce702) (ScriptedImporter) -> (artifact id: '7730c39f28ea4040441ad47bd7c170f7') in 0.2418783 seconds
Number of updated asset objects reloaded before import = 0Number of asset objects unloaded after import = 1

========================================================================
Received Import Request.
  Time since last request: 0.000237 seconds.
  path: Assets/FourEvilDragonsHP/Animations/DragonTerrorBringer/idle01.fbx
  artifactKey: Guid(2f381863b81afe445bb3bbd18f1e90cc) Importer(2089858483,192608db42251d675da83286b1cce702)
Start importing Assets/FourEvilDragonsHP/Animations/DragonTerrorBringer/idle01.fbx using Guid(2f381863b81afe445bb3bbd18f1e90cc) Importer(2089858483,192608db42251d675da83286b1cce702) (ScriptedImporter) -> (artifact id: 'a354d3b17822454027372a4e975d51ef') in 0.0736597 seconds
Number of updated asset objects reloaded before import = 0Number of asset objects unloaded after import = 177

========================================================================
Received Import Request.
  Time since last request: 0.000029 seconds.
  path: Assets/FourEvilDragonsHP/Texture/DragonSoulEater/GreenHP.png
  artifactKey: Guid(017f8d11e173752489627e4b72684e41) Importer(2089858483,192608db42251d675da83286b1cce702)
Start importing Assets/FourEvilDragonsHP/Texture/DragonSoulEater/GreenHP.png using Guid(017f8d11e173752489627e4b72684e41) Importer(2089858483,192608db42251d675da83286b1cce702) (ScriptedImporter) -> (artifact id: '2f6c672b5e9fdb8d219976ae7ee2259e') in 0.2071188 seconds
Number of updated asset objects reloaded before import = 0Number of asset objects unloaded after import = 1

========================================================================
Received Import Request.
  Time since last request: 0.000211 seconds.
  path: Assets/Joystick Pack/Sprites/All Axis Backgrounds/AllAxis_Outline.png
  artifactKey: Guid(5b56d9fa0e8bd6e409ed188db38a692c) Importer(2089858483,192608db42251d675da83286b1cce702)
Start importing Assets/Joystick Pack/Sprites/All Axis Backgrounds/AllAxis_Outline.png using Guid(5b56d9fa0e8bd6e409ed188db38a692c) Importer(2089858483,192608db42251d675da83286b1cce702) (ScriptedImporter) -> (artifact id: '76a59367efb3d5621b7444b4baeaa56e') in 0.0486304 seconds
Number of updated asset objects reloaded before import = 0Number of asset objects unloaded after import = 3

========================================================================
Received Import Request.
  Time since last request: 0.000042 seconds.
  path: Assets/FourEvilDragonsHP/Texture/DragonNightmare/DarkblueHP.png
  artifactKey: Guid(83df07905e20b824d8be5a7ce7876c00) Importer(2089858483,192608db42251d675da83286b1cce702)
Start importing Assets/FourEvilDragonsHP/Texture/DragonNightmare/DarkblueHP.png using Guid(83df07905e20b824d8be5a7ce7876c00) Importer(2089858483,192608db42251d675da83286b1cce702) (ScriptedImporter) -> (artifact id: 'ddae9d68cff40bcf6d70275885c26bca') in 0.2057697 seconds
Number of updated asset objects reloaded before import = 0Number of asset objects unloaded after import = 1

========================================================================
Received Import Request.
  Time since last request: 0.000128 seconds.
  path: Assets/FourEvilDragonsHP/Animations/DragonTerrorBringer/FlyIdle.fbx
  artifactKey: Guid(fe8f656bdccb4074683e623a09c9728e) Importer(2089858483,192608db42251d675da83286b1cce702)
Start importing Assets/FourEvilDragonsHP/Animations/DragonTerrorBringer/FlyIdle.fbx using Guid(fe8f656bdccb4074683e623a09c9728e) Importer(2089858483,192608db42251d675da83286b1cce702) (ScriptedImporter) -> (artifact id: 'b4047284654e5e4d747ecf5b427cfa56') in 0.0658391 seconds
Number of updated asset objects reloaded before import = 0Number of asset objects unloaded after import = 177

========================================================================
Received Import Request.
  Time since last request: 0.000048 seconds.
  path: Assets/FourEvilDragonsHP/Materials/DragonUsurper/BlueHP.mat
  artifactKey: Guid(b610c12dfb915564fa7d6ed9771555e3) Importer(2089858483,192608db42251d675da83286b1cce702)
Start importing Assets/FourEvilDragonsHP/Materials/DragonUsurper/BlueHP.mat using Guid(b610c12dfb915564fa7d6ed9771555e3) Importer(2089858483,192608db42251d675da83286b1cce702) (ScriptedImporter) -> (artifact id: '1ff8a79f01ed19d129dd8e20ab804557') in 0.1281537 seconds
Number of updated asset objects reloaded before import = 0Number of asset objects unloaded after import = 2

========================================================================
Received Prepare
Refreshing native plugins compatible for Editor in 1.94 ms, found 4 plugins.
Preloading 0 native plugins for Editor in 0.00 ms.
Unloading 8 Unused Serialized files (Serialized files now loaded: 0)
Unloading 15 unused Assets / (1.0 MB). Loaded Objects now: 5153.
Memory consumption went from 90.2 MB to 89.1 MB.
Total: 7.403300 ms (FindLiveObjects: 0.275300 ms CreateObjectMapping: 0.136900 ms MarkObjects: 6.151600 ms  DeleteObjects: 0.837900 ms)

Prepare: number of updated asset objects reloaded= 0
AssetImportParameters requested are different than current active one (requested -> active):
  buildTarget: platform 13, subtarget 0, extendedPlatform 0 -> platform 19, subtarget 2, extendedPlatform 0
  graphicsApiMask: 2099200 -> 4
========================================================================
Received Prepare
Refreshing native plugins compatible for Editor in 3.08 ms, found 4 plugins.
Preloading 0 native plugins for Editor in 0.00 ms.
Unloading 8 Unused Serialized files (Serialized files now loaded: 0)
Unloading 8 unused Assets / (1.0 MB). Loaded Objects now: 5153.
Memory consumption went from 90.2 MB to 89.1 MB.
Total: 9.986100 ms (FindLiveObjects: 0.414000 ms CreateObjectMapping: 0.462500 ms MarkObjects: 8.025400 ms  DeleteObjects: 1.082300 ms)

Prepare: number of updated asset objects reloaded= 0
AssetImportParameters requested are different than current active one (requested -> active):
  buildTarget: platform 13, subtarget 0, extendedPlatform 0 -> platform 19, subtarget 2, extendedPlatform 0
  graphicsApiMask: 2048 -> 4
========================================================================
Received Import Request.
  Time since last request: 222.669667 seconds.
  path: Assets/XR/XRGeneralSettingsPerBuildTarget.asset
  artifactKey: Guid(0ceeba95af95b254fb9859c61ce1e65c) Importer(2089858483,192608db42251d675da83286b1cce702)
Start importing Assets/XR/XRGeneralSettingsPerBuildTarget.asset using Guid(0ceeba95af95b254fb9859c61ce1e65c) Importer(2089858483,192608db42251d675da83286b1cce702) (ScriptedImporter) -> (artifact id: '09a54134fc3fbb245212e70f79ae6e06') in 0.0516321 seconds
Number of updated asset objects reloaded before import = 0Number of asset objects unloaded after import = 3

========================================================================
Received Import Request.
  Time since last request: 11.265459 seconds.
  path: Assets/XR/XRGeneralSettingsPerBuildTarget.asset
  artifactKey: Guid(0ceeba95af95b254fb9859c61ce1e65c) Importer(2089858483,192608db42251d675da83286b1cce702)
Start importing Assets/XR/XRGeneralSettingsPerBuildTarget.asset using Guid(0ceeba95af95b254fb9859c61ce1e65c) Importer(2089858483,192608db42251d675da83286b1cce702) (ScriptedImporter) -> (artifact id: 'aa289ac00520d595e4698925d5f64dd0') in 0.0403969 seconds
Number of updated asset objects reloaded before import = 0Number of asset objects unloaded after import = 4

========================================================================
Received Import Request.
  Time since last request: 230.242386 seconds.
  path: Assets
  artifactKey: Guid(00000000000000001000000000000000) Importer(815301076,1909f56bfc062723c751e8b465ee728b)
Start importing Assets using Guid(00000000000000001000000000000000) Importer(815301076,1909f56bfc062723c751e8b465ee728b) (PreviewImporter) -> (artifact id: 'c391582d739b6e62a5220f35cbb167ac') in 0.0007626 seconds
Number of updated asset objects reloaded before import = 0Number of asset objects unloaded after import = 0

========================================================================
Received Import Request.
  Time since last request: 25.012072 seconds.
  path: Assets/ReferenceImageLibrary.asset
  artifactKey: Guid(ec9d508e636d9c948a7b23b12cb49aab) Importer(815301076,1909f56bfc062723c751e8b465ee728b)
Start importing Assets/ReferenceImageLibrary.asset using Guid(ec9d508e636d9c948a7b23b12cb49aab) Importer(815301076,1909f56bfc062723c751e8b465ee728b) (PreviewImporter) -> (artifact id: 'f1505fe1322488cb5e07e583a91378c9') in 0.0462159 seconds
Number of updated asset objects reloaded before import = 0Number of asset objects unloaded after import = 1

========================================================================
Received Import Request.
  Time since last request: 1.029558 seconds.
  path: Assets/ReferenceImageLibrary.asset
  artifactKey: Guid(ec9d508e636d9c948a7b23b12cb49aab) Importer(2089858483,192608db42251d675da83286b1cce702)
Start importing Assets/ReferenceImageLibrary.asset using Guid(ec9d508e636d9c948a7b23b12cb49aab) Importer(2089858483,192608db42251d675da83286b1cce702) (ScriptedImporter) -> (artifact id: 'b65626d85c4128c7e81670ffcc070476') in 0.0341316 seconds
Number of updated asset objects reloaded before import = 0Number of asset objects unloaded after import = 1

========================================================================
Received Prepare
Refreshing native plugins compatible for Editor in 5.40 ms, found 4 plugins.
Preloading 0 native plugins for Editor in 0.00 ms.
Unloading 8 Unused Serialized files (Serialized files now loaded: 0)
Unloading 4644 unused Assets / (2.8 MB). Loaded Objects now: 5150.
Memory consumption went from 93.3 MB to 90.5 MB.
Total: 18.418100 ms (FindLiveObjects: 1.017200 ms CreateObjectMapping: 2.131600 ms MarkObjects: 11.824700 ms  DeleteObjects: 3.442600 ms)

Prepare: number of updated asset objects reloaded= 0
========================================================================
Received Import Request.
  Time since last request: 129.264293 seconds.
  path: Assets/PrefabCreator.cs
  artifactKey: Guid(bc8b4a76385af3a40bf64154bae9a963) Importer(2089858483,192608db42251d675da83286b1cce702)
Start importing Assets/PrefabCreator.cs using Guid(bc8b4a76385af3a40bf64154bae9a963) Importer(2089858483,192608db42251d675da83286b1cce702) (ScriptedImporter) -> (artifact id: '0c67b940dc792b3f823a02a0c8a147aa') in 0.0220139 seconds
Number of updated asset objects reloaded before import = 0Number of asset objects unloaded after import = 0

========================================================================
Received Prepare
Begin MonoManager ReloadAssembly
- Loaded All Assemblies, in  0.796 seconds
Refreshing native plugins compatible for Editor in 2.02 ms, found 4 plugins.
Native extension for iOS target not found
Native extension for Android target not found
Native extension for WindowsStandalone target not found
[Package Manager] Failed to launch server process. Reason: Unity was launched with the -noUpm command-line argument
[Package Manager] Unable to send message (not connected to server process).
[Package Manager] Cannot connect to Unity Package Manager local server
Mono: successfully reloaded assembly
[Package Manager] Failed to launch server process. Reason: Unity was launched with the -noUpm command-line argument
[Package Manager] Unable to send message (not connected to server process).
[Package Manager] Cannot connect to Unity Package Manager local server
- Finished resetting the current domain, in  0.716 seconds
Domain Reload Profiling: 1511ms
	BeginReloadAssembly (235ms)
		ExecutionOrderSort (0ms)
		DisableScriptedObjects (7ms)
		BackupInstance (0ms)
		ReleaseScriptingObjects (0ms)
		CreateAndSetChildDomain (70ms)
	RebuildCommonClasses (47ms)
	RebuildNativeTypeToScriptingClass (14ms)
	initialDomainReloadingComplete (29ms)
	LoadAllAssembliesAndSetupDomain (469ms)
		LoadAssemblies (360ms)
		RebuildTransferFunctionScriptingTraits (0ms)
		AnalyzeDomain (226ms)
			TypeCache.Refresh (14ms)
				TypeCache.ScanAssembly (1ms)
			BuildScriptInfoCaches (195ms)
			ResolveRequiredComponents (11ms)
	FinalizeReload (717ms)
		ReleaseScriptCaches (0ms)
		RebuildScriptCaches (0ms)
		SetupLoadedEditorAssemblies (574ms)
			LogAssemblyErrors (0ms)
			InitializePlatformSupportModulesInManaged (19ms)
			SetLoadedEditorAssemblies (4ms)
			BeforeProcessingInitializeOnLoad (119ms)
			ProcessInitializeOnLoadAttributes (382ms)
			ProcessInitializeOnLoadMethodAttributes (47ms)
			AfterProcessingInitializeOnLoad (3ms)
			EditorAssembliesLoaded (0ms)
		ExecutionOrderSort2 (0ms)
		AwakeInstancesAfterBackupRestoration (5ms)
Refreshing native plugins compatible for Editor in 1.93 ms, found 4 plugins.
Preloading 0 native plugins for Editor in 0.00 ms.
Unloading 10 Unused Serialized files (Serialized files now loaded: 0)
Unloading 4655 unused Assets / (3.1 MB). Loaded Objects now: 5159.
Memory consumption went from 92.6 MB to 89.5 MB.
Total: 8.343800 ms (FindLiveObjects: 0.625400 ms CreateObjectMapping: 0.502800 ms MarkObjects: 4.808100 ms  DeleteObjects: 2.406200 ms)

Prepare: number of updated asset objects reloaded= 0
========================================================================
Received Import Request.
  Time since last request: 21.444585 seconds.
  path: Assets/PrefabCreator.cs
  artifactKey: Guid(bc8b4a76385af3a40bf64154bae9a963) Importer(815301076,1909f56bfc062723c751e8b465ee728b)
Start importing Assets/PrefabCreator.cs using Guid(bc8b4a76385af3a40bf64154bae9a963) Importer(815301076,1909f56bfc062723c751e8b465ee728b) (PreviewImporter) -> (artifact id: '90e5b34a7119b00213b896a1c180dc04') in 0.001755 seconds
Number of updated asset objects reloaded before import = 0Number of asset objects unloaded after import = 0

========================================================================
Received Prepare
Begin MonoManager ReloadAssembly
- Loaded All Assemblies, in  0.903 seconds
Refreshing native plugins compatible for Editor in 2.90 ms, found 4 plugins.
Native extension for iOS target not found
Native extension for Android target not found
Native extension for WindowsStandalone target not found
[Package Manager] Failed to launch server process. Reason: Unity was launched with the -noUpm command-line argument
[Package Manager] Unable to send message (not connected to server process).
[Package Manager] Cannot connect to Unity Package Manager local server
Mono: successfully reloaded assembly
[Package Manager] Failed to launch server process. Reason: Unity was launched with the -noUpm command-line argument
[Package Manager] Unable to send message (not connected to server process).
[Package Manager] Cannot connect to Unity Package Manager local server
- Finished resetting the current domain, in  0.978 seconds
Domain Reload Profiling: 1879ms
	BeginReloadAssembly (284ms)
		ExecutionOrderSort (0ms)
		DisableScriptedObjects (13ms)
		BackupInstance (0ms)
		ReleaseScriptingObjects (0ms)
		CreateAndSetChildDomain (83ms)
	RebuildCommonClasses (39ms)
	RebuildNativeTypeToScriptingClass (15ms)
	initialDomainReloadingComplete (31ms)
	LoadAllAssembliesAndSetupDomain (531ms)
		LoadAssemblies (441ms)
		RebuildTransferFunctionScriptingTraits (0ms)
		AnalyzeDomain (226ms)
			TypeCache.Refresh (11ms)
				TypeCache.ScanAssembly (1ms)
			BuildScriptInfoCaches (201ms)
			ResolveRequiredComponents (9ms)
	FinalizeReload (979ms)
		ReleaseScriptCaches (0ms)
		RebuildScriptCaches (0ms)
		SetupLoadedEditorAssemblies (773ms)
			LogAssemblyErrors (0ms)
			InitializePlatformSupportModulesInManaged (20ms)
			SetLoadedEditorAssemblies (5ms)
			BeforeProcessingInitializeOnLoad (171ms)
			ProcessInitializeOnLoadAttributes (514ms)
			ProcessInitializeOnLoadMethodAttributes (58ms)
			AfterProcessingInitializeOnLoad (6ms)
			EditorAssembliesLoaded (0ms)
		ExecutionOrderSort2 (0ms)
		AwakeInstancesAfterBackupRestoration (13ms)
Refreshing native plugins compatible for Editor in 5.27 ms, found 4 plugins.
Preloading 0 native plugins for Editor in 0.00 ms.
Unloading 8 Unused Serialized files (Serialized files now loaded: 0)
Unloading 4655 unused Assets / (2.8 MB). Loaded Objects now: 5160.
Memory consumption went from 92.6 MB to 89.8 MB.
Total: 10.984000 ms (FindLiveObjects: 1.049100 ms CreateObjectMapping: 0.642400 ms MarkObjects: 5.612800 ms  DeleteObjects: 3.667200 ms)

Prepare: number of updated asset objects reloaded= 0
========================================================================
Received Import Request.
  Time since last request: 976.506345 seconds.
  path: Assets/PrefabCreator.cs
  artifactKey: Guid(bc8b4a76385af3a40bf64154bae9a963) Importer(815301076,1909f56bfc062723c751e8b465ee728b)
Start importing Assets/PrefabCreator.cs using Guid(bc8b4a76385af3a40bf64154bae9a963) Importer(815301076,1909f56bfc062723c751e8b465ee728b) (PreviewImporter) -> (artifact id: '9b5ce145c5a2530874e9637a9b9413de') in 0.0039318 seconds
Number of updated asset objects reloaded before import = 0Number of asset objects unloaded after import = 0

========================================================================
Received Import Request.
  Time since last request: 55.644621 seconds.
  path: Assets/FourEvilDragonsHP
  artifactKey: Guid(358429cfb4102924e8c0dc0d37966a6d) Importer(815301076,1909f56bfc062723c751e8b465ee728b)
Start importing Assets/FourEvilDragonsHP using Guid(358429cfb4102924e8c0dc0d37966a6d) Importer(815301076,1909f56bfc062723c751e8b465ee728b) (PreviewImporter) -> (artifact id: 'd4c252f0c72a80cd73ed387a9f979495') in 0.0007363 seconds
Number of updated asset objects reloaded before import = 0Number of asset objects unloaded after import = 0

========================================================================
Received Import Request.
  Time since last request: 2.949013 seconds.
  path: Assets/FourEvilDragonsHP/Prefab
  artifactKey: Guid(4375e93352605df4cbdaa1c202fbe8e6) Importer(815301076,1909f56bfc062723c751e8b465ee728b)
Start importing Assets/FourEvilDragonsHP/Prefab using Guid(4375e93352605df4cbdaa1c202fbe8e6) Importer(815301076,1909f56bfc062723c751e8b465ee728b) (PreviewImporter) -> (artifact id: '1462bfc34cda2a0062f310df668a9045') in 0.001201 seconds
Number of updated asset objects reloaded before import = 0Number of asset objects unloaded after import = 0

========================================================================
Received Import Request.
  Time since last request: 14.788413 seconds.
  path: Assets/FourEvilDragonsHP/Prefab/DragonTerrorBringer
  artifactKey: Guid(318ed8b844006974bafd7411323cfa4a) Importer(815301076,1909f56bfc062723c751e8b465ee728b)
Start importing Assets/FourEvilDragonsHP/Prefab/DragonTerrorBringer using Guid(318ed8b844006974bafd7411323cfa4a) Importer(815301076,1909f56bfc062723c751e8b465ee728b) (PreviewImporter) -> (artifact id: '0f3cc894b9b0e340ef9b0a352281b4d4') in 0.0009076 seconds
Number of updated asset objects reloaded before import = 0Number of asset objects unloaded after import = 0

========================================================================
Received Import Request.
  Time since last request: 0.086813 seconds.
  path: Assets/FourEvilDragonsHP/Prefab/DragonTerrorBringer/Blue.prefab
  artifactKey: Guid(20a769104331d8b48ac7d1ea0d49cdf3) Importer(815301076,1909f56bfc062723c751e8b465ee728b)
Start importing Assets/FourEvilDragonsHP/Prefab/DragonTerrorBringer/Blue.prefab using Guid(20a769104331d8b48ac7d1ea0d49cdf3) Importer(815301076,1909f56bfc062723c751e8b465ee728b) (PreviewImporter) -> (artifact id: 'c4882e6a8ea388f339650ba13233eee6') in 0.737431 seconds
Number of updated asset objects reloaded before import = 0Number of asset objects unloaded after import = 234

========================================================================
Received Import Request.
  Time since last request: 0.000037 seconds.
  path: Assets/FourEvilDragonsHP/Prefab/DragonTerrorBringer/Red.prefab
  artifactKey: Guid(59c100dd669d88f46b60555886d4dae7) Importer(815301076,1909f56bfc062723c751e8b465ee728b)
Start importing Assets/FourEvilDragonsHP/Prefab/DragonTerrorBringer/Red.prefab using Guid(59c100dd669d88f46b60555886d4dae7) Importer(815301076,1909f56bfc062723c751e8b465ee728b) (PreviewImporter) -> (artifact id: '37d244b74a624f7ccfae451572720285') in 0.2459739 seconds
Number of updated asset objects reloaded before import = 0Number of asset objects unloaded after import = 234

========================================================================
Received Prepare
Begin MonoManager ReloadAssembly
- Loaded All Assemblies, in  0.921 seconds
Refreshing native plugins compatible for Editor in 3.06 ms, found 4 plugins.
Native extension for iOS target not found
Native extension for Android target not found
Native extension for WindowsStandalone target not found
[Package Manager] Failed to launch server process. Reason: Unity was launched with the -noUpm command-line argument
[Package Manager] Unable to send message (not connected to server process).
[Package Manager] Cannot connect to Unity Package Manager local server
Mono: successfully reloaded assembly
[Package Manager] Failed to launch server process. Reason: Unity was launched with the -noUpm command-line argument
[Package Manager] Unable to send message (not connected to server process).
[Package Manager] Cannot connect to Unity Package Manager local server
- Finished resetting the current domain, in  1.211 seconds
Domain Reload Profiling: 2131ms
	BeginReloadAssembly (278ms)
		ExecutionOrderSort (0ms)
		DisableScriptedObjects (6ms)
		BackupInstance (0ms)
		ReleaseScriptingObjects (0ms)
		CreateAndSetChildDomain (68ms)
	RebuildCommonClasses (52ms)
	RebuildNativeTypeToScriptingClass (19ms)
	initialDomainReloadingComplete (36ms)
	LoadAllAssembliesAndSetupDomain (535ms)
		LoadAssemblies (432ms)
		RebuildTransferFunctionScriptingTraits (0ms)
		AnalyzeDomain (256ms)
			TypeCache.Refresh (11ms)
				TypeCache.ScanAssembly (0ms)
			BuildScriptInfoCaches (229ms)
			ResolveRequiredComponents (11ms)
	FinalizeReload (1212ms)
		ReleaseScriptCaches (0ms)
		RebuildScriptCaches (0ms)
		SetupLoadedEditorAssemblies (1016ms)
			LogAssemblyErrors (0ms)
			InitializePlatformSupportModulesInManaged (23ms)
			SetLoadedEditorAssemblies (5ms)
			BeforeProcessingInitializeOnLoad (172ms)
			ProcessInitializeOnLoadAttributes (729ms)
			ProcessInitializeOnLoadMethodAttributes (78ms)
			AfterProcessingInitializeOnLoad (8ms)
			EditorAssembliesLoaded (1ms)
		ExecutionOrderSort2 (0ms)
		AwakeInstancesAfterBackupRestoration (16ms)
Refreshing native plugins compatible for Editor in 7.29 ms, found 4 plugins.
Preloading 0 native plugins for Editor in 0.00 ms.
Unloading 8 Unused Serialized files (Serialized files now loaded: 0)
Unloading 4655 unused Assets / (2.8 MB). Loaded Objects now: 5169.
Memory consumption went from 106.5 MB to 103.7 MB.
Total: 19.337800 ms (FindLiveObjects: 0.839300 ms CreateObjectMapping: 1.976000 ms MarkObjects: 9.675700 ms  DeleteObjects: 6.844800 ms)

Prepare: number of updated asset objects reloaded= 0
========================================================================
Received Import Request.
  Time since last request: 242.073744 seconds.
  path: Assets/Joystick Pack
  artifactKey: Guid(966136fa759a30f4aa54dc489199c461) Importer(815301076,1909f56bfc062723c751e8b465ee728b)
Start importing Assets/Joystick Pack using Guid(966136fa759a30f4aa54dc489199c461) Importer(815301076,1909f56bfc062723c751e8b465ee728b) (PreviewImporter) -> (artifact id: '425e3a6e16b9d8ef3adf419ecf425b70') in 0.0023645 seconds
Number of updated asset objects reloaded before import = 0Number of asset objects unloaded after import = 0

========================================================================
Received Import Request.
  Time since last request: 615.197186 seconds.
  path: Assets/FourEvilDragonsHP/Animators/TerrorbringerCTRL.controller
  artifactKey: Guid(d44a18fbb4c18cb40b8732baf53d96fd) Importer(815301076,1909f56bfc062723c751e8b465ee728b)
Start importing Assets/FourEvilDragonsHP/Animators/TerrorbringerCTRL.controller using Guid(d44a18fbb4c18cb40b8732baf53d96fd) Importer(815301076,1909f56bfc062723c751e8b465ee728b) (PreviewImporter) -> (artifact id: 'aceca0c7be52ecc0375f488a39dc72e0') in 0.0494264 seconds
Number of updated asset objects reloaded before import = 0Number of asset objects unloaded after import = 56

========================================================================
Received Prepare
Begin MonoManager ReloadAssembly
- Loaded All Assemblies, in  1.117 seconds
Refreshing native plugins compatible for Editor in 5.22 ms, found 4 plugins.
Native extension for iOS target not found
Native extension for Android target not found
Native extension for WindowsStandalone target not found
[Package Manager] Failed to launch server process. Reason: Unity was launched with the -noUpm command-line argument
[Package Manager] Unable to send message (not connected to server process).
[Package Manager] Cannot connect to Unity Package Manager local server
Mono: successfully reloaded assembly
[Package Manager] Failed to launch server process. Reason: Unity was launched with the -noUpm command-line argument
[Package Manager] Unable to send message (not connected to server process).
[Package Manager] Cannot connect to Unity Package Manager local server
- Finished resetting the current domain, in  1.388 seconds
Domain Reload Profiling: 2507ms
	BeginReloadAssembly (311ms)
		ExecutionOrderSort (0ms)
		DisableScriptedObjects (10ms)
		BackupInstance (0ms)
		ReleaseScriptingObjects (0ms)
		CreateAndSetChildDomain (70ms)
	RebuildCommonClasses (61ms)
	RebuildNativeTypeToScriptingClass (15ms)
	initialDomainReloadingComplete (41ms)
	LoadAllAssembliesAndSetupDomain (691ms)
		LoadAssemblies (572ms)
		RebuildTransferFunctionScriptingTraits (0ms)
		AnalyzeDomain (295ms)
			TypeCache.Refresh (10ms)
				TypeCache.ScanAssembly (0ms)
			BuildScriptInfoCaches (264ms)
			ResolveRequiredComponents (13ms)
	FinalizeReload (1388ms)
		ReleaseScriptCaches (0ms)
		RebuildScriptCaches (0ms)
		SetupLoadedEditorAssemblies (1153ms)
			LogAssemblyErrors (0ms)
			InitializePlatformSupportModulesInManaged (35ms)
			SetLoadedEditorAssemblies (6ms)
			BeforeProcessingInitializeOnLoad (178ms)
			ProcessInitializeOnLoadAttributes (725ms)
			ProcessInitializeOnLoadMethodAttributes (202ms)
			AfterProcessingInitializeOnLoad (6ms)
			EditorAssembliesLoaded (1ms)
		ExecutionOrderSort2 (0ms)
		AwakeInstancesAfterBackupRestoration (14ms)
Refreshing native plugins compatible for Editor in 3.97 ms, found 4 plugins.
Preloading 0 native plugins for Editor in 0.00 ms.
Unloading 8 Unused Serialized files (Serialized files now loaded: 0)
Unloading 4655 unused Assets / (3.3 MB). Loaded Objects now: 5170.
Memory consumption went from 106.5 MB to 103.2 MB.
Total: 11.840700 ms (FindLiveObjects: 0.917100 ms CreateObjectMapping: 1.299000 ms MarkObjects: 4.973200 ms  DeleteObjects: 4.649800 ms)

Prepare: number of updated asset objects reloaded= 0
========================================================================
Received Prepare
Refreshing native plugins compatible for Editor in 4.75 ms, found 4 plugins.
Preloading 0 native plugins for Editor in 0.00 ms.
Unloading 8 Unused Serialized files (Serialized files now loaded: 0)
Unloading 4645 unused Assets / (2.7 MB). Loaded Objects now: 5167.
Memory consumption went from 106.6 MB to 103.8 MB.
Total: 14.825500 ms (FindLiveObjects: 0.744600 ms CreateObjectMapping: 1.138300 ms MarkObjects: 9.214700 ms  DeleteObjects: 3.724800 ms)

Prepare: number of updated asset objects reloaded= 0
========================================================================
Received Prepare
Begin MonoManager ReloadAssembly
- Loaded All Assemblies, in  1.073 seconds
Refreshing native plugins compatible for Editor in 3.82 ms, found 4 plugins.
Native extension for iOS target not found
Native extension for Android target not found
Native extension for WindowsStandalone target not found
[Package Manager] Failed to launch server process. Reason: Unity was launched with the -noUpm command-line argument
[Package Manager] Unable to send message (not connected to server process).
[Package Manager] Cannot connect to Unity Package Manager local server
Mono: successfully reloaded assembly
[Package Manager] Failed to launch server process. Reason: Unity was launched with the -noUpm command-line argument
[Package Manager] Unable to send message (not connected to server process).
[Package Manager] Cannot connect to Unity Package Manager local server
- Finished resetting the current domain, in  0.907 seconds
Domain Reload Profiling: 1979ms
	BeginReloadAssembly (272ms)
		ExecutionOrderSort (0ms)
		DisableScriptedObjects (7ms)
		BackupInstance (0ms)
		ReleaseScriptingObjects (0ms)
		CreateAndSetChildDomain (66ms)
	RebuildCommonClasses (57ms)
	RebuildNativeTypeToScriptingClass (24ms)
	initialDomainReloadingComplete (131ms)
	LoadAllAssembliesAndSetupDomain (588ms)
		LoadAssemblies (439ms)
		RebuildTransferFunctionScriptingTraits (0ms)
		AnalyzeDomain (289ms)
			TypeCache.Refresh (13ms)
				TypeCache.ScanAssembly (1ms)
			BuildScriptInfoCaches (214ms)
			ResolveRequiredComponents (55ms)
	FinalizeReload (908ms)
		ReleaseScriptCaches (0ms)
		RebuildScriptCaches (0ms)
		SetupLoadedEditorAssemblies (714ms)
			LogAssemblyErrors (0ms)
			InitializePlatformSupportModulesInManaged (21ms)
			SetLoadedEditorAssemblies (5ms)
			BeforeProcessingInitializeOnLoad (148ms)
			ProcessInitializeOnLoadAttributes (492ms)
			ProcessInitializeOnLoadMethodAttributes (42ms)
			AfterProcessingInitializeOnLoad (5ms)
			EditorAssembliesLoaded (0ms)
		ExecutionOrderSort2 (0ms)
		AwakeInstancesAfterBackupRestoration (12ms)
Refreshing native plugins compatible for Editor in 2.57 ms, found 4 plugins.
Preloading 0 native plugins for Editor in 0.00 ms.
Unloading 8 Unused Serialized files (Serialized files now loaded: 0)
Unloading 4656 unused Assets / (3.2 MB). Loaded Objects now: 5172.
Memory consumption went from 106.5 MB to 103.3 MB.
Total: 8.728300 ms (FindLiveObjects: 0.928800 ms CreateObjectMapping: 0.705000 ms MarkObjects: 4.415500 ms  DeleteObjects: 2.677000 ms)

Prepare: number of updated asset objects reloaded= 0
========================================================================
Received Prepare
Begin MonoManager ReloadAssembly
- Loaded All Assemblies, in  0.873 seconds
Refreshing native plugins compatible for Editor in 3.85 ms, found 4 plugins.
Native extension for iOS target not found
Native extension for Android target not found
Native extension for WindowsStandalone target not found
[Package Manager] Failed to launch server process. Reason: Unity was launched with the -noUpm command-line argument
[Package Manager] Unable to send message (not connected to server process).
[Package Manager] Cannot connect to Unity Package Manager local server
Mono: successfully reloaded assembly
[Package Manager] Failed to launch server process. Reason: Unity was launched with the -noUpm command-line argument
[Package Manager] Unable to send message (not connected to server process).
[Package Manager] Cannot connect to Unity Package Manager local server
- Finished resetting the current domain, in  0.884 seconds
Domain Reload Profiling: 1757ms
	BeginReloadAssembly (259ms)
		ExecutionOrderSort (0ms)
		DisableScriptedObjects (9ms)
		BackupInstance (0ms)
		ReleaseScriptingObjects (0ms)
		CreateAndSetChildDomain (68ms)
	RebuildCommonClasses (51ms)
	RebuildNativeTypeToScriptingClass (24ms)
	initialDomainReloadingComplete (35ms)
	LoadAllAssembliesAndSetupDomain (503ms)
		LoadAssemblies (417ms)
		RebuildTransferFunctionScriptingTraits (0ms)
		AnalyzeDomain (214ms)
			TypeCache.Refresh (15ms)
				TypeCache.ScanAssembly (1ms)
			BuildScriptInfoCaches (185ms)
			ResolveRequiredComponents (8ms)
	FinalizeReload (885ms)
		ReleaseScriptCaches (0ms)
		RebuildScriptCaches (0ms)
		SetupLoadedEditorAssemblies (694ms)
			LogAssemblyErrors (0ms)
			InitializePlatformSupportModulesInManaged (22ms)
			SetLoadedEditorAssemblies (4ms)
			BeforeProcessingInitializeOnLoad (125ms)
			ProcessInitializeOnLoadAttributes (481ms)
			ProcessInitializeOnLoadMethodAttributes (55ms)
			AfterProcessingInitializeOnLoad (6ms)
			EditorAssembliesLoaded (1ms)
		ExecutionOrderSort2 (0ms)
		AwakeInstancesAfterBackupRestoration (10ms)
Refreshing native plugins compatible for Editor in 2.87 ms, found 4 plugins.
Preloading 0 native plugins for Editor in 0.00 ms.
Unloading 8 Unused Serialized files (Serialized files now loaded: 0)
Unloading 4656 unused Assets / (3.2 MB). Loaded Objects now: 5173.
Memory consumption went from 106.5 MB to 103.3 MB.
Total: 7.858700 ms (FindLiveObjects: 0.581400 ms CreateObjectMapping: 0.440800 ms MarkObjects: 4.232500 ms  DeleteObjects: 2.602600 ms)

Prepare: number of updated asset objects reloaded= 0
========================================================================
Received Prepare
Begin MonoManager ReloadAssembly
- Loaded All Assemblies, in  4.081 seconds
Refreshing native plugins compatible for Editor in 4.99 ms, found 4 plugins.
Native extension for iOS target not found
Native extension for Android target not found
Native extension for WindowsStandalone target not found
[Package Manager] Failed to launch server process. Reason: Unity was launched with the -noUpm command-line argument
[Package Manager] Unable to send message (not connected to server process).
[Package Manager] Cannot connect to Unity Package Manager local server
Mono: successfully reloaded assembly
[Package Manager] Failed to launch server process. Reason: Unity was launched with the -noUpm command-line argument
[Package Manager] Unable to send message (not connected to server process).
[Package Manager] Cannot connect to Unity Package Manager local server
- Finished resetting the current domain, in  1.207 seconds
Domain Reload Profiling: 5291ms
	BeginReloadAssembly (270ms)
		ExecutionOrderSort (0ms)
		DisableScriptedObjects (7ms)
		BackupInstance (0ms)
		ReleaseScriptingObjects (0ms)
		CreateAndSetChildDomain (68ms)
	RebuildCommonClasses (46ms)
	RebuildNativeTypeToScriptingClass (16ms)
	initialDomainReloadingComplete (28ms)
	LoadAllAssembliesAndSetupDomain (3723ms)
		LoadAssemblies (3547ms)
		RebuildTransferFunctionScriptingTraits (0ms)
		AnalyzeDomain (320ms)
			TypeCache.Refresh (15ms)
				TypeCache.ScanAssembly (0ms)
			BuildScriptInfoCaches (286ms)
			ResolveRequiredComponents (11ms)
	FinalizeReload (1208ms)
		ReleaseScriptCaches (0ms)
		RebuildScriptCaches (0ms)
		SetupLoadedEditorAssemblies (932ms)
			LogAssemblyErrors (0ms)
			InitializePlatformSupportModulesInManaged (76ms)
			SetLoadedEditorAssemblies (11ms)
			BeforeProcessingInitializeOnLoad (173ms)
			ProcessInitializeOnLoadAttributes (597ms)
			ProcessInitializeOnLoadMethodAttributes (68ms)
			AfterProcessingInitializeOnLoad (5ms)
			EditorAssembliesLoaded (1ms)
		ExecutionOrderSort2 (0ms)
		AwakeInstancesAfterBackupRestoration (14ms)
Refreshing native plugins compatible for Editor in 4.64 ms, found 4 plugins.
Preloading 0 native plugins for Editor in 0.00 ms.
Unloading 8 Unused Serialized files (Serialized files now loaded: 0)
Unloading 4654 unused Assets / (3.6 MB). Loaded Objects now: 5176.
Memory consumption went from 106.5 MB to 102.9 MB.
Total: 16.612200 ms (FindLiveObjects: 1.867300 ms CreateObjectMapping: 1.402300 ms MarkObjects: 6.879900 ms  DeleteObjects: 6.459500 ms)

Prepare: number of updated asset objects reloaded= 0
========================================================================
Received Prepare
Refreshing native plugins compatible for Editor in 6.65 ms, found 4 plugins.
Preloading 0 native plugins for Editor in 0.00 ms.
Unloading 6 Unused Serialized files (Serialized files now loaded: 0)
Unloading 4645 unused Assets / (3.1 MB). Loaded Objects now: 5170.
Memory consumption went from 106.2 MB to 103.0 MB.
Total: 443.978000 ms (FindLiveObjects: 4.094000 ms CreateObjectMapping: 1.140500 ms MarkObjects: 432.780800 ms  DeleteObjects: 5.958100 ms)

Prepare: number of updated asset objects reloaded= 0
========================================================================
Received Prepare
Begin MonoManager ReloadAssembly
- Loaded All Assemblies, in  7.091 seconds
Refreshing native plugins compatible for Editor in 7.09 ms, found 4 plugins.
Native extension for iOS target not found
Native extension for Android target not found
Native extension for WindowsStandalone target not found
[Package Manager] Failed to launch server process. Reason: Unity was launched with the -noUpm command-line argument
[Package Manager] Unable to send message (not connected to server process).
[Package Manager] Cannot connect to Unity Package Manager local server
Mono: successfully reloaded assembly
[Package Manager] Failed to launch server process. Reason: Unity was launched with the -noUpm command-line argument
[Package Manager] Unable to send message (not connected to server process).
[Package Manager] Cannot connect to Unity Package Manager local server
- Finished resetting the current domain, in  1.807 seconds
Domain Reload Profiling: 8937ms
	BeginReloadAssembly (1893ms)
		ExecutionOrderSort (0ms)
		DisableScriptedObjects (71ms)
		BackupInstance (0ms)
		ReleaseScriptingObjects (1ms)
		CreateAndSetChildDomain (721ms)
	RebuildCommonClasses (93ms)
	RebuildNativeTypeToScriptingClass (28ms)
	initialDomainReloadingComplete (68ms)
	LoadAllAssembliesAndSetupDomain (5047ms)
		LoadAssemblies (4606ms)
		RebuildTransferFunctionScriptingTraits (0ms)
		AnalyzeDomain (1166ms)
			TypeCache.Refresh (99ms)
				TypeCache.ScanAssembly (2ms)
			BuildScriptInfoCaches (1024ms)
			ResolveRequiredComponents (23ms)
	FinalizeReload (1808ms)
		ReleaseScriptCaches (0ms)
		RebuildScriptCaches (0ms)
		SetupLoadedEditorAssemblies (1475ms)
			LogAssemblyErrors (0ms)
			InitializePlatformSupportModulesInManaged (31ms)
			SetLoadedEditorAssemblies (6ms)
			BeforeProcessingInitializeOnLoad (383ms)
			ProcessInitializeOnLoadAttributes (983ms)
			ProcessInitializeOnLoadMethodAttributes (66ms)
			AfterProcessingInitializeOnLoad (5ms)
			EditorAssembliesLoaded (1ms)
		ExecutionOrderSort2 (0ms)
		AwakeInstancesAfterBackupRestoration (16ms)
Refreshing native plugins compatible for Editor in 4.84 ms, found 4 plugins.
Preloading 0 native plugins for Editor in 0.00 ms.
Unloading 8 Unused Serialized files (Serialized files now loaded: 0)
Unloading 4656 unused Assets / (3.0 MB). Loaded Objects now: 5175.
Memory consumption went from 106.6 MB to 103.6 MB.
Total: 15.118400 ms (FindLiveObjects: 0.678300 ms CreateObjectMapping: 0.539700 ms MarkObjects: 9.118400 ms  DeleteObjects: 4.779900 ms)

Prepare: number of updated asset objects reloaded= 0
========================================================================
Received Prepare
Begin MonoManager ReloadAssembly
- Loaded All Assemblies, in  1.034 seconds
Refreshing native plugins compatible for Editor in 2.86 ms, found 4 plugins.
Native extension for iOS target not found
Native extension for Android target not found
Native extension for WindowsStandalone target not found
[Package Manager] Failed to launch server process. Reason: Unity was launched with the -noUpm command-line argument
[Package Manager] Unable to send message (not connected to server process).
[Package Manager] Cannot connect to Unity Package Manager local server
Mono: successfully reloaded assembly
[Package Manager] Failed to launch server process. Reason: Unity was launched with the -noUpm command-line argument
[Package Manager] Unable to send message (not connected to server process).
[Package Manager] Cannot connect to Unity Package Manager local server
- Finished resetting the current domain, in  0.979 seconds
Domain Reload Profiling: 2012ms
	BeginReloadAssembly (308ms)
		ExecutionOrderSort (0ms)
		DisableScriptedObjects (11ms)
		BackupInstance (0ms)
		ReleaseScriptingObjects (0ms)
		CreateAndSetChildDomain (80ms)
	RebuildCommonClasses (50ms)
	RebuildNativeTypeToScriptingClass (24ms)
	initialDomainReloadingComplete (37ms)
	LoadAllAssembliesAndSetupDomain (613ms)
		LoadAssemblies (503ms)
		RebuildTransferFunctionScriptingTraits (0ms)
		AnalyzeDomain (269ms)
			TypeCache.Refresh (15ms)
				TypeCache.ScanAssembly (1ms)
			BuildScriptInfoCaches (241ms)
			ResolveRequiredComponents (8ms)
	FinalizeReload (979ms)
		ReleaseScriptCaches (0ms)
		RebuildScriptCaches (0ms)
		SetupLoadedEditorAssemblies (776ms)
			LogAssemblyErrors (0ms)
			InitializePlatformSupportModulesInManaged (24ms)
			SetLoadedEditorAssemblies (5ms)
			BeforeProcessingInitializeOnLoad (153ms)
			ProcessInitializeOnLoadAttributes (534ms)
			ProcessInitializeOnLoadMethodAttributes (54ms)
			AfterProcessingInitializeOnLoad (5ms)
			EditorAssembliesLoaded (0ms)
		ExecutionOrderSort2 (0ms)
		AwakeInstancesAfterBackupRestoration (9ms)
Refreshing native plugins compatible for Editor in 3.46 ms, found 4 plugins.
Preloading 0 native plugins for Editor in 0.00 ms.
Unloading 8 Unused Serialized files (Serialized files now loaded: 0)
Unloading 4656 unused Assets / (3.1 MB). Loaded Objects now: 5176.
Memory consumption went from 106.6 MB to 103.5 MB.
Total: 8.551400 ms (FindLiveObjects: 0.535400 ms CreateObjectMapping: 0.401200 ms MarkObjects: 4.902300 ms  DeleteObjects: 2.710800 ms)

Prepare: number of updated asset objects reloaded= 0
========================================================================
Received Prepare
Begin MonoManager ReloadAssembly
- Loaded All Assemblies, in  0.932 seconds
Refreshing native plugins compatible for Editor in 4.47 ms, found 4 plugins.
Native extension for iOS target not found
Native extension for Android target not found
Native extension for WindowsStandalone target not found
[Package Manager] Failed to launch server process. Reason: Unity was launched with the -noUpm command-line argument
[Package Manager] Unable to send message (not connected to server process).
[Package Manager] Cannot connect to Unity Package Manager local server
Mono: successfully reloaded assembly
[Package Manager] Failed to launch server process. Reason: Unity was launched with the -noUpm command-line argument
[Package Manager] Unable to send message (not connected to server process).
[Package Manager] Cannot connect to Unity Package Manager local server
- Finished resetting the current domain, in  0.885 seconds
Domain Reload Profiling: 1817ms
	BeginReloadAssembly (245ms)
		ExecutionOrderSort (0ms)
		DisableScriptedObjects (6ms)
		BackupInstance (0ms)
		ReleaseScriptingObjects (0ms)
		CreateAndSetChildDomain (58ms)
	RebuildCommonClasses (62ms)
	RebuildNativeTypeToScriptingClass (33ms)
	initialDomainReloadingComplete (44ms)
	LoadAllAssembliesAndSetupDomain (548ms)
		LoadAssemblies (425ms)
		RebuildTransferFunctionScriptingTraits (0ms)
		AnalyzeDomain (257ms)
			TypeCache.Refresh (10ms)
				TypeCache.ScanAssembly (0ms)
			BuildScriptInfoCaches (228ms)
			ResolveRequiredComponents (13ms)
	FinalizeReload (886ms)
		ReleaseScriptCaches (0ms)
		RebuildScriptCaches (0ms)
		SetupLoadedEditorAssemblies (672ms)
			LogAssemblyErrors (0ms)
			InitializePlatformSupportModulesInManaged (24ms)
			SetLoadedEditorAssemblies (5ms)
			BeforeProcessingInitializeOnLoad (149ms)
			ProcessInitializeOnLoadAttributes (422ms)
			ProcessInitializeOnLoadMethodAttributes (63ms)
			AfterProcessingInitializeOnLoad (7ms)
			EditorAssembliesLoaded (2ms)
		ExecutionOrderSort2 (0ms)
		AwakeInstancesAfterBackupRestoration (18ms)
Refreshing native plugins compatible for Editor in 6.87 ms, found 4 plugins.
Preloading 0 native plugins for Editor in 0.00 ms.
Unloading 8 Unused Serialized files (Serialized files now loaded: 0)
Unloading 4656 unused Assets / (3.3 MB). Loaded Objects now: 5177.
Memory consumption went from 106.6 MB to 103.3 MB.
Total: 13.258400 ms (FindLiveObjects: 0.651500 ms CreateObjectMapping: 0.627700 ms MarkObjects: 7.136300 ms  DeleteObjects: 4.840900 ms)

Prepare: number of updated asset objects reloaded= 0
